Zero-Clause BSD	0BSD	0BSD	YES	same	Y		https://fedoraproject.org/wiki/Licensing/ZeroClauseBSD	
Attribution Assurance License	AAL	AAL	YES	same	Y		http://opensource.org/licenses/attribution.php	
Abstyles License	Abstyles	Abstyles	YES	same	Y		https://fedoraproject.org/wiki/Licensing/Abstyles	Document License.  Meets Open Source definition.
Adobe Systems Incorporated Source Code License Agreement	Adobe	Adobe-2006	YES	version #	Y		https://fedoraproject.org/wiki/Licensing/AdobeLicense	Permissive license with a reverse indemnification clause.  Indemnity flows from Licensee to Adobe.
Adobe Glyph List License	MIT	Adobe-Glyph	YES	different	category		https://fedoraproject.org/wiki/Licensing/MIT#AdobeGlyph	MIT variant; Fedora does not use distinct short identifier
Amazon Digital Services License	ADSL	ADSL	YES	same	Y		https://fedoraproject.org/wiki/Licensing/AmazonDigitalServicesLicense	Permissive license
Academic Free License	AFL	AFL-3.0	YES	version #			http://opensource.org/licenses/afl-3.0.php	SPDX List also has AFL-1.1, AFL-1.2, AFL-2.0, AFL-2.1
Afmparse License	Afmparse	Afmparse	YES	same	Y		https://fedoraproject.org/wiki/Licensing/Afmparse	Permissive license
Affero General Public License 1.0	AGPLv1	AGPL-1.0-only	YES	GPL	Y		http://www.affero.org/oagpl.html	
Affero General Public License 3.0	AGPLv3	AGPL-3.0-only	YES	GPL	Y		http://www.fsf.org/licensing/licenses/agpl-3.0.html	
Affero General Public License 3.0 or later	AGPLv3+	AGPL-3.0-or-later	YES	GPL	Y		http://www.fsf.org/licensing/licenses/agpl-3.0.html	
AMD's plpa_map.c License	AMDPLPA	AMDPLPA	YES	same	Y		https://fedoraproject.org/wiki/Licensing/AMD_plpa_map_License	BSD variant. Single use case?
Apple MIT License	AML	AML	YES	same	Y		https://fedoraproject.org/wiki/Licensing/Apple_MIT_License	MIT-like license with a provision regarding no patent grant for derivative works.
Academy of Motion Picture Arts and Sciences BSD	AMPAS BSD	AMPAS	YES	different	Y		https://fedoraproject.org/wiki/Licensing/BSD#AMPASBSD	BSD variant; specifically disclaims rights to trademarks, patents, etc.
ANTLR Software Rights Notice	ANTLR-PD	ANTLR-PD	YES	same	Y		https://fedoraproject.org/wiki/Licensing/ANTLR-PD	
Apache Software License 1.0	ASL 1.0	Apache-1.0	YES	different	Y		http://www.apache.org/licenses/LICENSE-1.0	
4Suite Copyright License	ASL 1.1	Apache-1.1	YES	different	Y	new URL http://www.worldlii.org/int/other/PubRL/2000/1.html	http://4suite.org/COPYRIGHT	Bad URL; this is the same license as Apache-1.1
Apache Software License 1.1	ASL 1.1	Apache-1.1	YES	different	Y		http://www.apache.org/licenses/LICENSE-1.1	
MX4J License	ASL 1.1	Apache-1.1	YES	different	Y		https://fedoraproject.org/wiki/Licensing/MX4J	Fedora uses identifier, "ASL 1.1" this is the same as Apache 1.1 but for names 
Neotonic Clearsilver License	ASL 1.1	Apache-1.1	YES	different	Y		http://www.clearsilver.net/license.hdf	Fedora uses identifier, "ASL 1.1" link used to go to a page that shows BSD-2-Clause and a notice regarding that change.   Found older(?) version with this license: https://github.com/rphillips/clearsilver/blob/master/CS_LICENSE, which is same as Apache 1.1 also see https://github.com/blong42/clearsilver/blob/master/LICENSE
QuickFix License	ASL 1.1	Apache-1.1	YES	different	Y		http://www.quickfixengine.org/quickfix/doc/html/license.html	
Phorum License	Phorum	Apache-1.1	YES	different	Y		http://phorum.org/license.txt	https://github.com/Phorum/Core/blob/master/docs/license.txt  PM: Reject (Apache 1.1 license-template should suffice)
Sequence Library License	Sequence	Apache-1.1	YES	different	Y		https://fedoraproject.org/wiki/Licensing/SequenceLibraryLicense	
Apache Software License 2.0	ASL 2.0	Apache-2.0	YES	different	Y		http://www.apache.org/licenses/LICENSE-2.0	
Adobe Postscript AFM License	APAFML	APAFML	YES	same	Y		https://fedoraproject.org/wiki/Licensing/AdobePostscriptAFM	Permissive license, specifically for Adobe AFM files  It shows up in the open source package iText. See http://itextpdf.com/terms-of-use/adobe.html 
Apple Public Source License 2.0	APSL 2.0	APSL-2.0	YES	hyphen	Y		http://www.opensource.apple.com/apsl/2.0.txt	
Aspell-ru License	ARL	ARL	YES	same	Y		https://fedoraproject.org/wiki/Licensing/AspellRu	Permissive license. Single Russian dictionary file under this license. Should we include additional license text?  appears to be part of larger license at: http://sources.gentoo.org/cgi-bin/viewvc.cgi/gentoo-x86/licenses/myspell-ru_RU-ALexanderLebedev
Artistic 2.0	Artistic 2.0	Artistic-2.0	YES	hyphen	Y		http://www.perlfoundation.org/artistic_license_2_0	
Bahyph License	Bahyph	Bahyph	YES	same	Y		https://fedoraproject.org/wiki/Licensing/Bahyph	Very permissive license (may be for single product).
Barr License	Barr	Barr	YES	same	Y		https://fedoraproject.org/wiki/Licensing/Barr	Shows up here: http://stuff.mit.edu/afs/athena/system/i386_deb50/os-ubuntu-9.04/usr/share/texmf-texlive/tex/latex/barr/diagxy.tex
Beerware License	Beerware	Beerware	YES	same	Y		https://fedoraproject.org/wiki/Licensing/Beerware	Very permissive license.
BitTorrent License	BitTorrent	BitTorrent-1.1	YES	version #	Y	not found in Fedora currently, as it turns out	https://fedoraproject.org/wiki/Licensing/BitTorrent_Open_Source_License	SPDX List also has BitTorrent-1.0
Borceux license	Borceux	Borceux	YES	same	Y		https://fedoraproject.org/wiki/Licensing/Borceux	Permissive license. May be single package license.
Eclipse Distribution License 1.0	BSD	BSD 3-clause	YES	different	category		http://www.eclipse.org/org/documents/edl-v10.php	This is BSD 3-clause
Creative Commons BSD	BSD	BSD-2-Clause	YES	different	category		http://creativecommons.org/licenses/BSD/	short identifier issue - need to deal with for all BSD variants
Cryptix General License	BSD	BSD-2-Clause	YES	different	category		http://www.cryptix.org/LICENSE.TXT	Fedora uses identifier, "BSD"
BSD License (two clause)	BSD	BSD-2-Clause-FreeBSD	YES	different	category		https://fedoraproject.org/wiki/Licensing/BSD#2ClauseBSD	Fedora uses identifier, "BSD"
BSD + Patent	BSD-2-Clause-Patent	BSD-2-Clause-Patent	YES	same	Y		https://fedoraproject.org/wiki/Licensing/BSD-2-Clause-Patent	
BSD License (no advertising)	BSD	BSD-3-Clause	YES	different	category		https://fedoraproject.org/wiki/Licensing/BSD#3ClauseBSD	Same as BSD-3-Clause, but replaces "copyright holders" with "regents"
Metasploit Framework License (post 2006)	BSD	BSD-3-Clause	YES	different	category	license text on Fedora page is list of licenses	https://fedoraproject.org/wiki/Licensing/Metasploit_Framework_License	
NetCDF License	NetCDF	BSD-3-Clause	YES		Y		https://www.unidata.ucar.edu/software/netcdf/copyright.html	
BSD with attribution	BSD with attribution	BSD-3-Clause-Attribution	YES	different	Y		https://fedoraproject.org/wiki/Licensing/BSD_with_Attribution	Did not find BSD with attribution on any of the URL links for BSD licenses (see Note at bottom of table).
Lawrence Berkeley National Labs BSD variant license	LBNL BSD	BSD-3-Clause-LBNL	YES	different	Y		https://fedoraproject.org/wiki/Licensing/LBNLBSD	BSD like license with a provision at the end that makes any non licensed additions subject to a FOSS license
BSD License (Advertising Variant)	BSD with advertising	BSD-4-Clause	YES	different		this is actually the BSD-4-Clause (Fedora records some extra stuff at top of file, but that is not really part of license)	https://fedoraproject.org/wiki/Licensing/BSD#BSDwithAdvertising	Fedora should link to: https://fedoraproject.org/wiki/Licensing:BSD?rd=Licensing/BSD#Original_BSD_License_.28BSD_with_advertising.29  similar to BSD-4-Clause 
BSD Protection License	BSD Protection	BSD-Protection	YES	hyphen	Y		https://fedoraproject.org/wiki/Licensing/BSD_Protection_License	Copyleft license that allows for binary distribution under closed source license.
Boost Software License	Boost	BSL-1.0	YES	version #	Y	Fedora has same license text using two different Fedora ids: "Boost" and "MIT"	http://www.boost.org/LICENSE_1_0.txt	
MIT:Thrift variant	MIT	BSL-1.0	YES	different	category	Fedora has same license text using two different Fedora ids: "Boost" and "MIT"	https://fedoraproject.org/wiki/Licensing:MIT?rd=Licensing/MIT#Thrift_variant	
Computer Associates Trusted Open Source License 1.1	CATOSL	CATOSL-1.1	YES	version #	Y		http://opensource.org/licenses/ca-tosl1.1.php	SPDX short identifier adds version #
Creative Commons Zero 1.0 Universal	CC0	CC0-1.0	YES	version #	Y		http://creativecommons.org/publicdomain/zero/1.0/legalcode	
Common Development Distribution License 1.0	CDDL-1.0	CDDL-1.0	YES	same	Y		https://fedoraproject.org/wiki/Licensing/CDDL#CDDL_1.0	
Common Development Distribution License 1.1	CDDL-1.1	CDDL-1.1	YES	same	Y		https://fedoraproject.org/wiki/Licensing/CDDL#CDDL_1.1	
CeCILL License v1.1	CeCILL	CECILL-1.1	YES	version #	category		http://www.cecill.info/licences/Licence_CeCILL_V1.1-US.html	SPDX List also has CECILL-1.0
CeCILL License v2	CeCILL	CECILL-2.0	YES	version #	category		http://www.cecill.info/licences.en.html	SPDX List also has CECILL-1.0
CeCILL-B License	CeCILL-B	CECILL-B	YES	same	Y		http://www.cecill.info/licences.en.html	SPDX List also has CECILL-1.0
CeCILL-C License	CeCILL-C	CECILL-C	YES	same	Y		http://www.cecill.info/licences.en.html	SPDX List also has CECILL-1.0
Artistic (clarified)	Artistic clarified	ClArtistic	YES	different	Y		https://fedoraproject.org/wiki/Licensing/ArtisticClarified	
CNRI License (Old Python)	CNRI	CNRI-Python	YES	different	Y		http://www.handle.net/python_licenses/python1.6_9-5-00.html	
Condor Public License	Condor	Condor-1.1	YES	version #	Y	URL has been updated to show Apache-2.0 (SPDX has original text)	http://www.cs.wisc.edu/condor/condor-public-license.html	The URL provided by Fedora does not point to any license.  SPDX short identifier adds version #
CPAL License 1.0	CPAL	CPAL-1.0	YES	version #	Y		https://www.socialtext.net/open/index.cgi?cpal_license_in_wikitext	SPDX short identifier adds version #
Common Public License	CPL	CPL-1.0	YES	version #	Y		http://www.eclipse.org/legal/cpl-v10.html	SPDX short identifier adds version #
Crossword License	Crossword	Crossword	YES	same	Y		https://fedoraproject.org/wiki/Licensing/Crossword	Permissive license. May be single package license.
Crystal Stacker License	Crystal Stacker	CrystalStacker	YES	same	Y		https://fedoraproject.org/wiki/Licensing/CrystalStacker	
CUA Office Public License Version 1.0	MPLv1.1	CUA-OPL-1.0	YES	different	category		http://opensource.org/licenses/cuaoffice.php	Fedora uses short identifier, "MPLv1.1"
Cube License	Cube	Cube	YES	same	Y		https://fedoraproject.org/wiki/Licensing/Cube	Permissive license with requirement that you may not relicense the source code under any other license. Official site http://src.gnu-darwin.org/ports/games/assaultcube/work/AssaultCube/source/LICENSE
diffmark license	diffmark	diffmark	YES	same	Y		https://fedoraproject.org/wiki/Licensing/diffmark	License text "1. you can do what you want with it 2. I refuse any responsibility for the consequences" May be single package license
DOC License	DOC	DOC	YES	same	Y		http://www.cs.wustl.edu/~schmidt/ACE-copying.html	Permissive license. May be single package license, but package is oft used.
Dotseqn License	Dotseqn	Dotseqn	YES	same	Y		https://fedoraproject.org/wiki/Licensing/Dotseqn	Permissive license. Appears to be single file/package
DSDP License	DSDP	DSDP	YES	same	Y		https://fedoraproject.org/wiki/Licensing/DSDP	MIT like license.
dvipdfm License	dvipdfm	dvipdfm	YES	same	Y		https://fedoraproject.org/wiki/Licensing/dvipdfm	Permissive license. May be a one time license
Educational Community License 1.0	ECL 1.0	ECL-1.0	YES	hyphen	Y		http://opensource.org/licenses/ecl1.php	
Educational Community License 2.0	ECL 2.0	ECL-2.0	YES	hyphen	Y		http://www.osedu.org/licenses/ECL-2.0/	
Eiffel Forum License 2.0	EFL 2.0	EFL-2.0	YES	hyphen	Y		http://www.fsf.org/licensing/licenses/eiffel-forum-license-2.html	
eGenix.com Public License 1.1.0	eGenix	eGenix	YES	same	Y		https://fedoraproject.org/wiki/Licensing/eGenix.com_Public_License_1.1.0	Based on CNRI license and may be for one project. Official license site http://www.egenix.com/products/eGenix.com-Public-License-1.1.0.pdf
Entessa Public License	Entessa	Entessa	YES	same	Y		http://opensource.org/licenses/entessa.php	
EPICS Open License	EPICS	EPICS	YES	same	Y		http://www.aps.anl.gov/epics/license/open.php	
Eclipse Public License 1.0	EPL-1.0	EPL-1.0	YES	same	Y		http://www.eclipse.org/legal/epl-v10.html	
Eclipse Public License 2.0	EPL-2.0	EPL-2.0	YES	same	Y		http://www.eclipse.org/legal/epl-v20.html	
Erlang Public License 1.1	ERPL	ErlPL-1.1	YES	version #	Y		https://fedoraproject.org/wiki/Licensing/ErlangPublicLicense	
EU Datagrid Software License	EU Datagrid	EUDatagrid	YES	space	Y		http://www.opensource.org/licenses/eudatagrid.php	
European Union Public License 1.1	EUPL 1.1	EUPL-1.1	YES	hyphen	Y		http://ec.europa.eu/idabc/en/document/7774.html	
European Union Public License 1.2	EUPL 1.2	EUPL-1.2	YES	hyphen	Y		https://opensource.org/licenses/EUPL-1.2	
Eurosym License	Eurosym	Eurosym	YES	same	Y		https://fedoraproject.org/wiki/Licensing/Eurosym	Copyleft license. German law applies
Fair License	Fair	Fair	YES	same	Y		http://opensource.org/licenses/fair.php	
Fraunhofer FDK AAC License	FDK-AAC	FDK-AAC	YES	same	Y		https://fedoraproject.org/wiki/Licensing/FDK-AAC	
FreeImage Public License	MPLv1.0	FreeImage	YES	different	category		http://freeimage.sourceforge.net/freeimage-license.txt	Fedora does not use distinct short identifier from MPLv1.0 (needs to be verified).   diff in choice of law provision - ADDED
FSF All Permissive license	FSFAP	FSFAP	YES	same	Y		https://fedoraproject.org/wiki/Licensing/FSFAP	
FSF Unlimited License	FSFUL	FSFUL	YES	same	Y		https://fedoraproject.org/wiki/Licensing/FSF_Unlimited_License	Permissive license.
FSF Unlimited License (with License Retention)	FSFULLR	FSFULLR	YES	same	Y		https://fedoraproject.org/wiki/Licensing/FSF_Unlimited_License#License_Retention_Variant	Permissive license.
Freetype License	FTL	FTL	YES	same	Y		http://freetype.fis.uniroma2.it/FTL.TXT	
Giftware License	Giftware	Giftware	YES	same	Y		http://www.talula.demon.co.uk/allegro/license.html	Permissive license.  done - added Allegro 4; Allegro 5 is same as zlib
GL2PS License	GL2PS	GL2PS	YES	same	Y		http://www.geuz.org/gl2ps/COPYING.GL2PS	Copyleft license.
3dfx Glide License	Glide	Glide	YES	same	Y		http://www.users.on.net/~triforce/glidexp/COPYING.txt	License is specific to 3dfx corporation and glide software. License text shows up in opensuse. See https://gitorious.org/opensuse/license_o_o/source/f0086a864b2322ce268931aeb45edbe2718fd2a6:licenses/3DFX-GPL.txt
Glulxe License	Glulxe	Glulxe	YES	same	Y		https://fedoraproject.org/wiki/Licensing/Glulxe	Permissive license. May be one package license.
gnuplot License	gnuplot	Gnuplot	YES	same	Y		https://fedoraproject.org/wiki/Licensing/Gnuplot	License requires changes to source to be packaged as patches and not appended to the original source, etc.
GNU General Public License v1.0 only	GPLv1	GPL-1.0-only	YES	GPL	Y		http://www.gnu.org/licenses/old-licenses/gpl-1.0.txt	
GNU General Public License (no version)	GPL+	GPL-1.0-or-later	YES	GPL	Y		A GPL or LGPL licensed package that lacks any statement of what version that it's licensed under in the source code/program output/accompanying docs is technically licensed under *any* version of the GPL or LGPL, not just the version in whatever COPYING file they include.	No version GPL
GNU General Public License v1.0 or later	GPL+	GPL-1.0-or-later	YES	GPL	Y		Note that this is not GPLv1+, because 1+ is the same as any version.	
Perl License	GPL+ or Artistic	GPL-1.0-or-later OR Artistic-1.0-Perl	YES	GPL	Y		http://dev.perl.org/licenses/	this would be covered by using the short identifiers for each licnese choice with the "OR" operator 
GNU General Public License (no version), with Classpath exception	GPL+ with exceptions	GPL-1.0-or-later WITH Classpath-exception-2.0	YES	exceptions	category		https://fedoraproject.org/wiki/Licensing/GPL_Classpath_Exception	
GNU General Public License (no version), with font embedding exception	GPL+ with exceptions	GPL-1.0-or-later WITH Font-exception-2.0	YES	exceptions	category		A GPL or LGPL licensed package that lacks any statement of what version that it's licensed under in the source code/program output/accompanying docs is technically licensed under *any* version of the GPL or LGPL, not just the version in whatever COPYING file they include. And if they manage to grant the font embedding exception without specifying a version, you get this strange beast.	
GNU General Public License v2.0 only	GPLv2	GPL-2.0-only	YES	GPL	Y		http://www.gnu.org/licenses/old-licenses/gpl-2.0.html	
Perl License (variant)	GPLv2 or Artistic	GPL-2.0-only OR Artistic-1.0-Perl	YES	GPL	Y		Some perl packages explicitly state GPLv2, only use this license for those cases	this would be covered by using the short identifiers for each licnese choice with the "OR" operator 
GNU General Public License v2.0 only, with Classpath exception	GPLv2 with exceptions	GPL-2.0-only WITH Classpath-exception-2.0	YES	exceptions	category		https://fedoraproject.org/wiki/Licensing/GPL_Classpath_Exception	
GNU General Public License v2.0 only, with font embedding exception	GPLv2 with exceptions	GPL-2.0-only WITH Font-exception-2.0	YES	exceptions	category		http://www.gnu.org/licenses/gpl-faq.html#FontException	
Creative Commons GNU GPL	GPLv2+	GPL-2.0-or-later	YES	GPL	Y		http://creativecommons.org/choose/cc-gpl	This is GPL-2.0+
GNU General Public License v2.0 or later	GPLv2+	GPL-2.0-or-later	YES	GPL	Y		http://www.gnu.org/licenses/old-licenses/gpl-2.0.html	
Perl License (variant)	GPLv2+ or Artistic	GPL-2.0-or-later OR Artistic-1.0-Perl	YES	GPL	Y		Some perl packages explicitly state GPLv2+, only use this license for those cases	this would be covered by using the short identifiers for each licnese choice with the "OR" operator 
GNU General Public License v2.0 or later, with Classpath exception	GPLv2+ with exceptions	GPL-2.0-or-later WITH Classpath-exception-2.0	YES	exceptions	category		https://fedoraproject.org/wiki/Licensing/GPL_Classpath_Exception	
eCos License v2.0	eCos	GPL-2.0-or-later WITH eCos-2.0	YES	exceptions	Y		http://www.fsf.org/licensing/licenses/ecos-license.html	
GNU General Public License v2.0 or later, with font embedding exception	GPLv2+ with exceptions	GPL-2.0-or-later WITH Font-exception-2.0	YES	exceptions	category		http://www.gnu.org/licenses/gpl-faq.html#FontException	
GNU General Public License v3.0 only	GPLv3	GPL-3.0-only	YES	GPL	Y		http://www.fsf.org/licensing/licenses/gpl.html	
GNU General Public License v3.0 only, with Classpath exception	GPLv3 with exceptions	GPL-3.0-only WITH Classpath-exception-2.0	YES	exceptions	category		https://fedoraproject.org/wiki/Licensing/GPL_Classpath_Exception	
GNU General Public License v3.0 only, with font embedding exception	GPLv3 with exceptions	GPL-3.0-only WITH Font-exception-2.0	YES	exceptions	category		http://www.gnu.org/licenses/gpl-faq.html#FontException	
GNU General Public License v3.0 or later	GPLv3+	GPL-3.0-or-later	YES	GPL	Y		http://www.fsf.org/licensing/licenses/gpl.html	
GNU General Public License v3.0 or later, with Classpath exception	GPLv3+ with exceptions	GPL-3.0-or-later WITH Classpath-exception-2.0	YES	exceptions	category		https://fedoraproject.org/wiki/Licensing/GPL_Classpath_Exception	
GNU General Public License v3.0 or later, with font embedding exception	GPLv3+ with exceptions	GPL-3.0-or-later WITH Font-exception-2.0	YES	exceptions	category		http://www.gnu.org/licenses/gpl-faq.html#FontException	
Haskell Language Report License	HaskellReport	HaskellReport	YES	same	Y		https://fedoraproject.org/wiki/Licensing/Haskell_Language_Report_License	there are 3 variations here, but the difference can be accomodated via a license template as it's only a different in name; use same Fedora short identifier; add as one license with template
Historical Permission Notice and Disclaimer	MIT	HPND	YES	different	category	two license listed in Fedora with same text and same identifiers Historical Permission Notice and MIT Old Style w/legal disclaimer	http://opensource.org/licenses/historical.php	no longer used in practice per OSI
MIT:Old Style with legal disclaimer	MIT	HPND	YES	different	category	two license listed in Fedora with same text and same identifiers Historical Permission Notice and MIT Old Style w/legal disclaimer	https://fedoraproject.org/wiki/Licensing:MIT?rd=Licensing/MIT#Old_Style_with_legal_disclaimer	
Independent JPEG Group License	IJG	IJG	YES	same	Y		https://fedoraproject.org/wiki/Licensing/IJG	
ImageMagick License	ImageMagick	ImageMagick	YES	same	Y		http://www.imagemagick.org/script/license.php	Weak copyleft license specific to imagemagick Apache 2.0 with the exception of the summary above the Terms and Conditions, the statement above the (c) notice, and the absence of ""(except as stated in this section)"" in section 3, patent grant
iMatix Standard Function Library Agreement	iMatix	iMatix	YES	same	Y		http://legacy.imatix.com/html/sfl/sfl4.htm#license	Permissive license. May be just for single library. might want to search for original version of license, though - it mentions a URL above and there is none in this version. 
MIT:Modern style (ICU Variant)	MIT	ICU	YES	different	category		https://fedoraproject.org/wiki/Licensing:MIT?rd=Licensing/MIT#Modern_style_.28ICU_Variant.29	
Imlib2 License	Imlib2	Imlib2	YES	same	Y		https://fedoraproject.org/wiki/Licensing/Imlib2	
Intel ACPI Software License Agreement	Intel ACPI	Intel-ACPI	YES	hyphen	Y		https://fedoraproject.org/wiki/Licensing/Intel_ACPI_Software_License_Agreement	Intel specific license.
Interbase Public License	Interbase	Interbase-1.0	YES	version #	Y	Fedora to update link to license to: http://www.firebirdsql.org/en/interbase-public-license/	http://www.firebirdsql.org/en/interbase-public-license/	Fedora link does not provide license text: http://www.borland.com/devsupport/interbase/opensource/IPL.html
IBM Public License	IBM	IPL-1.0	YES	different	Y		http://www.opensource.org/licenses/ibmpl.php	
ISC License (Bind, DHCP Server)	ISC	ISC	YES	same	Y		https://www.isc.org/software/license	
JasPer License	JasPer	JasPer-2.0	YES	version #	Y		http://www.ece.uvic.ca/~mdadams/jasper/LICENSE	MIT/BSD like
Latex2e License	Latex2e	Latex2e	YES	same	Y		https://fedoraproject.org/wiki/Licensing/Latex2e	Copyleft license. 
Leptonica License	Leptonica	Leptonica	YES	same	Y		https://fedoraproject.org/wiki/Licensing/Leptonica	BSD like.  Official license site http://www.leptonica.com/about-the-license.html
GNU Lesser General Public License v2 (or 2.1) only	LGPLv2	LGPL-2.0-only 	YES	GPL	category		=HYPERLINK("http://www.gnu.org/licenses/old-licenses/lgpl-2.1.html","http://www.gnu.org/licenses/old-licenses/lgpl-2.1.html Note that this license was originally referred to as the GNU Library General Public License v2, but all current versions (v2.1 or newer) of the license are correctly known as the GNU Lesser General Public License.")	Fedora treats 2.0 and 2.1 as same, SPDX does not  
Creative Commons GNU LGPL	LGPLv2+	LGPL-2.0-or-later	YES	GPL	Y		http://creativecommons.org/choose/cc-lgpl	This is LGPL-2.0+
GNU Lesser General Public License (no version)	LGPLv2+	LGPL-2.0-or-later 	YES	GPL	Y		A GPL or LGPL licensed package that lacks any statement of what version that it's licensed under in the source code/program output/accompanying docs is technically licensed under *any* version of the GPL or LGPL, not just the version in whatever COPYING file they include. Note that this is LGPLv2+, not LGPL+, because version 2 was the first version of LGPL. Note that this license was originally referred to as the GNU Library General Public License v2, but all current versions (v2.1 or newer) of the license are correctly known as the GNU Lesser General Public License.	
GNU Lesser General Public License v2 (or 2.1) or later	LGPLv2+	LGPL-2.0-or-later 	YES	GPL	category		http://www.gnu.org/licenses/old-licenses/lgpl-2.1.html	
Perl License (variant)	LGPLv2+ or Artistic	LGPL-2.0-or-later OR Artistic-1.0-Perl	YES	GPL	Y		Some perl packages explicitly state LGPLv2+ (extremely uncommon), only use this license for those cases	this would be covered by using the short identifiers for each licnese choice with the "OR" operator 
FLTK License	LGPLv2 with exceptions	LGPL-2.0-or-later WITH FLTK-exception	YES	exceptions	category		http://www.fltk.org/COPYING.php	LGPLv2 with exception.
wxWindows Library License v 3.1	wxWindows	LGPL-2.0-or-later WITH WxWindows-exception-3.1	YES	exceptions	Y		https://fedoraproject.org/wiki/Licensing/wxWindows.html	
GNU Lesser General Public License v2 (or 2.1) only	LGPLv2	LGPL-2.1-only	YES	GPL	category			
GNU Lesser General Public License v2 (or 2.1) or later	LGPLv2+	LGPL-2.1-or-later	YES	GPL	category			
Qwt License 1.0	LGPLv2+ with exceptions	LGPL-2.1-or-later WITH Qwt-exception-1.0	YES	exceptions	category		http://qwt.sourceforge.net/qwtlicense.html	
GNU Lesser General Public License v3.0 only	LGPLv3	LGPL-3.0-only	YES	GPL	Y		http://www.fsf.org/licensing/licenses/lgpl.html	
GNU Lesser General Public License v3.0 or later	LGPLv3+	LGPL-3.0-or-later	YES	GPL	Y		http://www.fsf.org/licensing/licenses/lgpl.html	
libtiff License	libtiff	libtiff	YES	same	Y	Fedora has same license text using two different Fedora ids: "libtiff" and "MIT"	https://fedoraproject.org/wiki/Licensing/libtiff	BSD/MIT like
MIT:Hylafax Variant	MIT	libtiff	YES	different	category	Fedora has same license text using two different Fedora ids: "libtiff" and "MIT"	https://fedoraproject.org/wiki/Licensing:MIT?rd=Licensing/MIT#Hylafax_Variant	
BeOpen Open Source License Agreement Version 1	BeOpen	LicenseRef-BeOpen	NO		N/A	not found in Fedora currently, don't add to SPDX	https://fedoraproject.org/wiki/Licensing/BeOpen	Included on SPDX List as part of the greater Python v2 license. is this used by itself?  if so, then add as an individual license (Tom I. did a bunch of research on Python licensing some time ago - that may be useful here)  - should we ask Fedora about this, where it's used and frequency? Does Fedora treat the Python stack as separate licenses?
Bibtex License	Bibtex	LicenseRef-Bibtex	NO		N/A	not found in Fedora currently, don't add to SPDX	https://fedoraproject.org/wiki/Licensing/Bibtex	Permissive license with requirement to rename any modified files.  need to consider how to manage variations (see: http://osl.ugr.es/CTAN/biblio/bibtex/contrib/sort-by-letters/README). that is, should we templatize the actual filenames in the ""original"" license version, since they may or may not be included? - should we ask Fedora about this issue, are there variations with other filenames? 
CP/M License	CPM	LicenseRef-CPM	NO		N/A	not found in Fedora currently, don't add to SPDX	https://fedoraproject.org/wiki/Licensing/CPM	
CRC32 License	CRC32	LicenseRef-CRC32	NO		N/A	not found in Fedora currently, don't add to SPDX	https://fedoraproject.org/wiki/Licensing/CRC32	
Docbook MIT License	DMIT	LicenseRef-DMIT	NO		N/A	not found in Fedora currently, don't add to SPDX	https://fedoraproject.org/wiki/Licensing/DMIT	looks to be used by docbook project?
Jabber Open Source License	Jabber	LicenseRef-Jabber	NO		N/A	not found in Fedora currently, don't add to SPDX	http://opensource.org/licenses/jabberpl.php	OSI approved, but no longer used Research found that version on OSI site is not the same as version at http://archive.jabber.org/core/JOSL.pdf (substantive diff includes inclusion in the latter of a definition of Source Code and "reasonably necessarly" qualifier in patent grant) see https://lists.spdx.org/g/Spdx-legal/message/435?p=,,,20,0,0,0::Created,,jabber,20,2,0,22080275 for doc with diff
JPython License (old)	JPython	LicenseRef-JPython	NO		N/A	not found in Fedora currently, don't add to SPDX	http://www.jython.org/license.html	link broken, see https://web.archive.org/web/20160310111940/https://www.jython.org/license.html - stack of 3 licenses, each of which can be respresented by SPDX: PSF-2.0 AND BSD-3-Clause AND CNRI-Jython
Lhcyr License	Lhcyr	LicenseRef-Lhcyr	NO		N/A	not found in Fedora currently, don't add to SPDX	https://fedoraproject.org/wiki/Licensing/Lhcyr	Permissive license.    old, not worth adding
Logica Open Source License	Logica	LicenseRef-Logica	NO		N/A	not found in Fedora currently, don't add to SPDX	http://opensmpp.logica.com/CommonPart/Download/Download.htm	Appears to be specific to Logica code and under the laws of Ireland license appears here: https://github.com/OpenSmpp/opensmpp/blob/master/LICENSE_LOGICA,  The license indicates that it has been superseded.  
LEGO Open Source License Agreement	LOSLA	LicenseREf-LOSLA	NO		N/A	not found in Fedora currently, don't add to SPDX	https://fedoraproject.org/wiki/Licensing/LOSLA	
midnight License	midnight	LicenseRef-midnight	NO		N/A	not found in Fedora currently, don't add to SPDX	https://fedoraproject.org/wiki/Licensing/midnight	FOSS license for single package
mod_macro License	mod_macro	LicenseRef-mod_macro	NO		N/A	not found in Fedora currently, don't add to SPDX	http://www.cri.ensmp.fr/~coelho/mod_macro/mod_macro/LICENSE	link broken - is this it?  https://people.apache.org/~fabien/mod_macro/LICENSE also see https://fossies.org/linux/mod_macro/LICENSE
Newmat License	Newmat	LicenseRef-Newmat	NO		N/A	not found in Fedora currently, don't add to SPDX	https://fedoraproject.org/wiki/Licensing/Newmat_License	
Par License	Par	LicenseRef-Par	NO		N/A	not found in Fedora currently, don't add to SPDX	https://fedoraproject.org/wiki/Licensing/Par	
PlainTeX License	PlainTeX	LicenseRef-PlainTeX	NO		N/A	not found in Fedora currently, don't add to SPDX	https://fedoraproject.org/wiki/Licensing/PlainTeX	
radvd License	radvd	LicenseRef-radvd	NO		N/A	not found in Fedora currently, don't add to SPDX	https://fedoraproject.org/wiki/Licensing/radvd_License	
REX License	REX	LicenseRef-REX	NO		N/A	not found in Fedora currently, don't add to SPDX	https://fedoraproject.org/wiki/Licensing/REX	
Rice BSD	RiceBSD	LicenseRef-RiceBSD	NO		N/A	not found in Fedora currently, don't add to SPDX	https://fedoraproject.org/wiki/Licensing/Rice_BSD_License	link is broken, license is old and no current link, also found: http://www.caam.rice.edu/software/ARPACK/RiceBSD.txt which appears that it was changed at some point to be simply a BSD-3-Clause Fedora link works now - license is BSD-3-Clause with an additional clause re: modifications. 
Romio License	Romio	LicenseRef-Romio	NO		N/A	not found in Fedora currently, don't add to SPDX	https://fedoraproject.org/wiki/Licensing/Romio_License	see current license here: https://www.open-mpi.org/community/license.php - it appears that license was changed to BSD-3-Clause, so rejecting, can always add later, if older versions are in wide-use Fedora link works now and has licene text.
RSA License	RSA	LicenseRef-RSA	NO		N/A	not found in Fedora currently, don't add to SPDX	https://fedoraproject.org/wiki/Licensing/RSA	
Rsfs License	Rsfs	LicenseRef-Rsfs	NO		N/A	not found in Fedora currently, don't add to SPDX	https://fedoraproject.org/wiki/Licensing/Rsfs	this text is part of a longer letter and so is making a call of what is the license to begin with - see: http://mirror.utexas.edu/ctan/fonts/rsfs/README
SCRIP License	SCRIP	LicenseRef-SCRIP	NO		N/A	not found in Fedora currently, don't add to SPDX	https://fedoraproject.org/wiki/Licensing/SCRIP	Way too specific "JL: this seems old and can't find it elsewhere... reject? PM: Add?-found wiki page and code available, although last contribution 3 yrs. ago (see http://oceans11.lanl.gov/trac/SCRIP/wiki ) - too specific, decided not to add"
SLIB License	SLIB	LicenseRef-SLIB	NO		N/A	not found in Fedora currently, don't add to SPDX	http://www-swiss.ai.mit.edu/~jaffer/SLIB_COPYING.txt	The text at the given URL is not really the license it self, more an explanatory text mentionning public domain dedication and the actual license. On a side note, they seem to define a theshold for copyrightability at "a dozen of lines" "PM: Reject (not a license, but rather an explanation of how SLIB is licensed on file by file basis) DC: Reject (agree with PM) "
softSurfer License	softSurfer	LicenseRef-softSurfer	NO		N/A	not found in Fedora currently, don't add to SPDX	https://fedoraproject.org/wiki/Licensing/softSurfer	
SciTech MGL Public License	STMPL	LicenseRef-STMPL	NO		N/A	not found in Fedora currently, don't add to SPDX	https://fedoraproject.org/wiki/Licensing/STMPL	this is the same as MPL 1.0 except for the preamble and amendment at end, due to this and that no one has seen it used currently, did not add
Transitive Grace Period Public Licence	TGPPL	LicenseRef-TGPPL	NO		N/A	not found in Fedora currently, don't add to SPDX	https://fedoraproject.org/wiki/Licensing/TGPPL	This is really OSL-3.0 with a few minor changes having to do with the name and then the modifications to the license (last section).
Threeparttable License	Threeparttable	LicenseRef-Threeparttable	NO		N/A	not found in Fedora currently, don't add to SPDX	https://fedoraproject.org/wiki/Licensing/Threeparttable	
Tolua License	Tolua	LicenseRef-Tolua	NO		N/A	not found in Fedora currently, don't add to SPDX	https://fedoraproject.org/wiki/Licensing/Tolua	
Vita Nuova Liberal Source License	VNLSL	LicenseRef-VNLSL	NO		N/A	not found in Fedora currently, don't add to SPDX	https://fedoraproject.org/wiki/Licensing/Vita_Nuova_Liberal_Source_License	no current copy of license elsewhere and seems old and very specific so not adding
Zope Public License v 1.0	ZPLv1.0	LicenseRef-ZPLv1.0	NO		N/A	not found in Fedora currently, don't add to SPDX	http://www.zope.org/Resources/ZPL	There is no link to version 1.0 of the license on http://old.zope.org/Resources/License/ eventhough this version is mentioned. The link http://www.zope.org/Resources/ZPL now gives a 404ish "Die Seite existiert leider nichtâ€¦" fine to add if someone can find a version of the license text; it is listed here: http://old.zope.org/Resources/License/ (as well as other older licenses) but no active link) Reject (old licensethat has been replaced at least 3 times since 1.0 and can't find copy of old license)"
Lucent Public License (Plan9)	LPL	LPL-1.02	YES	version #	Y		http://plan9.bell-labs.com/plan9dist/license.html	SPDX List also has LPL-1.0
LaTeX Project Public License	LPPL	LPPL-1.3a	YES	version #	Y		http://www.latex-project.org/lppl/lppl-1-3a.txt	SPDX List also has LPPL-1.0, LPPL-1.1, LPPL-1.2, LPPL-1.3c
MakeIndex License	MakeIndex	MakeIndex	YES	same	Y		https://fedoraproject.org/wiki/Licensing/MakeIndex	Strong Copyleft.
MirOS License	MirOS	MirOS	YES	same	Y		http://mirbsd.de/MirOS-Licence	
MIT:Modern Style with sublicense	MIT	MIT	YES	same	category		https://fedoraproject.org/wiki/Licensing:MIT?rd=Licensing/MIT#Modern_Style_with_sublicense	
MIT No Attribution (MIT-0)	MIT-0	MIT-0	YES	same	Y		https://fedoraproject.org/wiki/Licensing/MIT-0	
Enlightenment License (e16)	MIT with advertising	MIT-advertising	YES	hyphen	Y		https://fedoraproject.org/wiki/Licensing/MIT_With_Advertising	This license is identical to MIT-FEH (except for templatized copyright statement)
CMU License (BSD like)	MIT	MIT-CMU	YES	different	category		https://fedoraproject.org/wiki/Licensing:MIT?rd=Licensing/MIT#CMU_Style	MIT/BSD variant.
enna License	MIT	MIT-enna	YES	different	category		https://fedoraproject.org/wiki/Licensing/MIT#enna	MIT variant  COPYING.PLAIN text referenced in the license can be found here http://git.enlightenment.org/enlightenment/modules/forecasts.git/plain/COPYING-PLAIN 
feh License	MIT	MIT-feh	YES	different	category		https://fedoraproject.org/wiki/Licensing/MIT#feh	Slight variant to MIT license. May be one package license
13.1Modern Variants	MIT	MIT-Modern-Variant	YES	different	category		https://fedoraproject.org/wiki/Licensing:MIT?rd=Licensing/MIT#Modern_Variants	
MIT +no-false-attribs license	MITNFA	MITNFA	YES	same	Y		https://fedoraproject.org/wiki/Licensing/MITNFA	
Motosoto License	Motosoto	Motosoto	YES	same	Y		http://opensource.org/licenses/motosoto.php	
mpich2 License	MIT	mpich2	YES	different	category		https://fedoraproject.org/wiki/Licensing/MIT	
Mozilla Public License v1.0	MPLv1.0	MPL-1.0	YES	hyphen	category		http://opensource.org/licenses/mozilla1.0.php	
Mozilla Public License v1.1	MPLv1.1	MPL-1.1	YES	hyphen	category		http://www.mozilla.org/MPL/MPL-1.1.html	
Mozilla Public License v2.0	MPLv2.0	MPL-2.0	YES	hyphen	Y		https://fedoraproject.org/wiki/Licensing/MPLv2.0	
Microsoft Public License	MS-PL	MS-PL	YES	same	Y		http://www.microsoft.com/opensource/licenses.mspx#Ms-PL	
Microsoft Reciprocal License	MS-RL	MS-RL	YES	same	Y		http://www.microsoft.com/opensource/licenses.mspx#Ms-RL	
Matrix Template Library License	MTLL	MTLL	YES	same	Y		https://fedoraproject.org/wiki/Licensing/Matrix_Template_Library_License	Single package license. Apache-1.1-like
Mup License	Mup	Mup	YES	same	Y		https://fedoraproject.org/wiki/Licensing/Mup	
Naumen Public License	Naumen	Naumen	YES	same	Y		http://opensource.org/licenses/naumen.php	
NCSA/University of Illinois Open Source License	NCSA	NCSA	YES	same	Y		http://otm.illinois.edu/uiuc_openSource	
Newsletr License	Newsletr	Newsletr	YES	same	Y		https://fedoraproject.org/wiki/Licensing/Newsletr	
Nethack General Public License	NGPL	NGPL	YES	same	Y		http://opensource.org/licenses/nethack.php	
NIST Software License	NISTSL	NIST-PD-fallback	YES	different	Y	new license to Fedora.  SPDX version and in wild does not have superflous paragraph at beg and end as shows in Fedora license text page?	https://fedoraproject.org/wiki/Licensing/NISTSL	
No Limit Public License	NLPL	NLPL	YES	same	Y		https://fedoraproject.org/wiki/Licensing/NLPL	
Nokia Open Source License	Nokia	Nokia	YES	same	Y		http://opensource.org/licenses/nokia.html	
Netizen Open Source License	NOSL	NOSL	YES	same	Y		http://bits.netizen.com.au/licenses/NOSL/nosl.txt	
Noweb License	Noweb	Noweb	YES	same	Y		https://fedoraproject.org/wiki/Licensing/Noweb	
Netscape Public License	Netscape	NPL-1.0	YES	different	category		http://www.mozilla.org/NPL/NPL-1.0.html	SPDX List also has NPL-1.1
NRL License	BSD with advertising	NRL	YES	different	category		http://web.mit.edu/network/isakmp/nrllicense.html	this license is just different enough from BSD-4-Clause, including adding a clause stating that "All terms of the UC Berkeley copyright and license must be followed.
MIT:NTP variant	MIT	NTP	YES	different	category		https://fedoraproject.org/wiki/Licensing:MIT?rd=Licensing/MIT#NTP_variant	
Open Government License	OGL	OGL-UK-3.0	YES	version #		SPDX uses version number and "UK" as there are other "Open Government" licenses	http://www.nationalarchives.gov.uk/doc/open-government-licence/version/3/	
OpenLDAP License	OpenLDAP	OLDAP-2.8	YES	different			http://www.openldap.org/software/release/license.html	
Open Market License	OML	OML	YES	same	Y		https://fedoraproject.org/wiki/Licensing/Open_Market_License	
OpenSSL License	OpenSSL	OpenSSL	YES	same	Y		http://www.sdisw.com/openssl.htm	
Open Software License 1.1	OSL 1.0	OSL-1-1	YES	hyphen	Y		https://fedoraproject.org/wiki/Licensing:OSL1.1?rd=Licensing/OSL1.1	
Open Software License 1.0	OSL 1.0	OSL-1.0	YES	hyphen	Y		http://www.opensource.org/licenses/osl-1.0.txt	
Open Software License 2.0	OSL 2.0	OSL-2.0	YES	hyphen	Y		http://www.nexb.com/license/LICENSE-OSL-2.0.html	
Open Software License 2.1	OSL 2.1	OSL-2.1	YES	hyphen	Y		https://fedoraproject.org/wiki/Licensing/OSL2.1	
Open Software License 3.0	OSL 3.0	OSL-3.0	YES	hyphen	Y		http://opensource.org/licenses/osl-3.0.php	
PHP License v3.0	PHP	PHP-3.01	YES	version #			http://www.php.net/license/3_01.txt	SPDX List also has PHP-3.0
Plexus Classworlds License	Plexus	Plexus	YES	same	Y		https://fedoraproject.org/wiki/Licensing/Plexus_Classworlds_License	
PostgreSQL License	PostgreSQL	PostgreSQL	YES	same	Y		https://fedoraproject.org/wiki/Licensing/PostgreSQL_License	
psfrag License	psfrag	psfrag	YES	same	Y		https://fedoraproject.org/wiki/Licensing/psfrag	
psutils License	psutils	psutils	YES	same	Y		https://fedoraproject.org/wiki/Licensing/psutils	
Qhull License	Qhull	Qhull	YES	same	Y		https://fedoraproject.org/wiki/Licensing/Qhull	
Q Public License	QPL	QPL-1.0	YES	version #			http://doc.trolltech.com/4.0/qpl.html	
Rdisc License	Rdisc	Rdisc	YES	same	Y		https://fedoraproject.org/wiki/Licensing/Rdisc_License	
RealNetworks Public Source License V1.0	RPSL	RPSL-1.0	YES	version #	Y		http://www.opensource.org/licenses/real.php	
Ruby License	Ruby	Ruby	YES	same	Y		http://www.ruby-lang.org/en/LICENSE.txt	
Saxpath License	Saxpath	Saxpath	YES	same	Y		https://fedoraproject.org/wiki/Licensing/Saxpath_License	
SCEA Shared Source License	SCEA	SCEA	YES	same	Y		http://research.scea.com/scea_shared_source_license.html	note it is listed here too: http://en.opensuse.org/openSUSE:Accepted_licences and elsewhere
Sendmail License	Sendmail	Sendmail-8.23	YES	version #		SPDX also has https://spdx.org/licenses/Sendmail.html text on link Fedora has goes to "8.23" version	http://www.sendmail.org/ftp/LICENSE	
SGI Free Software License B 2.0	MIT	SGI-B-2.0	YES	different	category		http://oss.sgi.com/projects/FreeB/SGIFreeSWLicB.2.0.pdf	Fedora uses short name, "MIT"
Sun Industry Standards Source License	SISSL	SISSL	YES	same	Y		http://www.openoffice.org/licenses/sissl_license.html	
Sleepycat Software Product License	Sleepycat	Sleepycat	YES	same	Y		https://fedoraproject.org/wiki/Licensing/Sleepycat	
SNIA Public License 1.1	SNIA	SNIA	YES	same	Y		https://fedoraproject.org/wiki/Licensing/SNIA_Public_License	The reference URL given in the license text doesn't work anymore http://www.snia.org/smi/developers/open_source/ There is an ambiguity in the version number between 1.0 and 1.1 
Henry Spencer Reg-Ex Library License	HSRL	Spencer-86	YES	different	category		https://fedoraproject.org/wiki/Licensing/Henry_Spencer_Reg-Ex_Library_License	Fedora shows 2 different licenses on this page, SPDX includes them both, plus also a third variant from 99
Sun Public License	SPL	SPL-1.0	YES	version #	Y		https://fedoraproject.org/wiki/Licensing/Sun_Public_License	
MIT:9MLton variant	MIT	SMLNJ	YES	different	category	two license listed in Fedora with same text and same identifiers MLton and Standard ML of NJ	https://fedoraproject.org/wiki/Licensing:MIT?rd=Licensing/MIT#MLton_variant	
Standard ML of New Jersey License	MIT	SMLNJ	YES	different	category	two license listed in Fedora with same text and same identifiers MLton and Standard ML of NJ	https://fedoraproject.org/wiki/Licensing/MIT	https://fedoraproject.org/wiki/Licensing:MIT?rd=Licensing/MIT#Standard_ML_of_New_Jersey_Variant  There are other versions of this license that are more generic (http://www2.cs.tum.edu/projects/cup/) , without ""Lucent""; this license needs to be templated for the usual variables. 
Scheme Widget Library (SWL) Software License Agreement	SWL	SWL	YES	same	Y		https://fedoraproject.org/wiki/Licensing/SWL	
TCL/TK License	TCL	TCL	YES	same	Y		https://fedoraproject.org/wiki/Licensing/TCL	
TMate Open Source License	TMate	TMate	YES	same	Y		http://svnkit.com/license.html	
TORQUE v2.5+ Software License v1.1	TORQUEv1.1	TORQUE-1.1	YES	hyphen	Y		https://fedoraproject.org/wiki/Licensing/TORQUEv1.1	choice of law Utah. Release in Feb. 2014
Trusster Open Source License	TOSL	TOSL	YES	same	Y		https://fedoraproject.org/wiki/Licensing/TOSL	per Fedora, sleepycat like but one substantial difference
Unicode License	Unicode	Unicode-DFS-2015	YES	version #			https://fedoraproject.org/wiki/Licensing/Unicode	
Unlicense	Unlicense	Unlicense	YES	same	Y		https://fedoraproject.org/wiki/Licensing/Unlicense	
Universal Permissive License	UPL	UPL-1.0	YES	version #	Y		https://fedoraproject.org/wiki/Licensing/UPL	
Vim License	Vim	Vim	YES	same	Y		http://vimdoc.sourceforge.net/htmldoc/uganda.html	
VOSTROM Public License for Open Source	VOSTROM	VOSTROM	YES	same	Y		https://fedoraproject.org/wiki/Licensing/VOSTROM	
Vovida Software License v. 1.0	VSL	VSL-1.0	YES	version #	Y		http://opensource.org/licenses/vovidapl.php	
W3C Software Notice and License	W3C	W3C	YES	same	Y		http://www.w3.org/Consortium/Legal/2002/copyright-software-20021231	
Wsuipa License	Wsuipa	Wsuipa	YES	same	Y		https://fedoraproject.org/wiki/Licensing/Wsuipa	part of TEX
Do What The F*ck You Want To Public License	WTFPL	WTFPL	YES	same	Y		https://fedoraproject.org/wiki/Licensing/WTFPL	
Xerox License	Xerox	Xerox	YES	same	Y		https://fedoraproject.org/wiki/Licensing/Xerox	Currently identified by fossology as "Xerox"
xinetd License	xinetd	xinetd	YES	same	Y		https://fedoraproject.org/wiki/Licensing/Xinetd_License	
XPP License	xpp	xpp	YES	same	Y		https://fedoraproject.org/wiki/Licensing/xpp	
XSkat License	XSkat	XSkat	YES	same	Y		https://fedoraproject.org/wiki/Licensing/XSkat_License	
Yahoo Public License v 1.1	YPLv1.1	YPL-1.1	YES	hyphen	Y		http://www.zimbra.com/license/yahoo_public_license_1.1.html	
Zed License	Zed	Zed	YES	same	Y		https://fedoraproject.org/wiki/Licensing/Zed	
Zend License v2.0	Zend	Zend-2.0	YES	version #			http://www.zend.com/license/2_00.txt	Currently identified by fossology as "Zend-2.0", which is consistent with SPDX naming scheme 
zlib/libpng License	zlib	Zlib	YES	same	Y		http://www.gzip.org/zlib/zlib_license.html	
Nunit License	MIT with advertising	zlib-acknowledgement	YES	different	category	added to SPDX as "Nunit" and later realized it was same as zlib-acknowledgement with matching guidelines - use latter identifier	https://fedoraproject.org/wiki/Licensing/Nunit	
zlib/libpng License with Acknowledgement	zlib with acknowledgement	zlib-acknowledgement	YES	different	Y		https://fedoraproject.org/wiki/Licensing/ZlibWithAcknowledgement	will need to templatize copyright/acknowledgement statement in middle of license text  - decided to not templatize; need to use different short name b/c "with" is an operator for SPDX license expression
Zope Public License v 2.0	ZPLv2.0	ZPL-2.0	YES	hyphen	Y		http://www.zope.org/Resources/ZPL	
Zope Public License v 2.1	ZPLv2.1	ZPL-2.1	YES	hyphen	Y		http://www.zope.org/Resources/ZPL	
