Fullname,Shortname,Rating,Copyleft,HasPatentHint,IsNonCommercial
BSD Zero Clause License,0BSD,Go,NoCopyleft,UNDEFINED,UNDEFINED
Attribution Assurance License,AAL,"Unknown, probably Stop or No-Go",NoCopyleft,UNDEFINED,UNDEFINED
Amazon Digital Services License,ADSL,Go,NoCopyleft,UNDEFINED,UNDEFINED
Academic Free License v1.1,AFL-1.1,Go,NoCopyleft,UNDEFINED,UNDEFINED
Academic Free License v1.2,AFL-1.2,Go,NoCopyleft,UNDEFINED,UNDEFINED
Academic Free License v2.0,AFL-2.0,Go,NoCopyleft,UNDEFINED,UNDEFINED
Academic Free License v2.1,AFL-2.1,Go,NoCopyleft,UNDEFINED,UNDEFINED
Academic Free License v3.0,AFL-3.0,Go,NoCopyleft,True,UNDEFINED
Affero General Public License v1.0 only,AGPL-1.0-only,"Unknown, probably Attention or Stop or No-Go",SaaSCopyleft,UNDEFINED,UNDEFINED
Affero General Public License v1.0 or later,AGPL-1.0-or-later,"Unknown, probably Attention or Stop or No-Go",SaaSCopyleft,UNDEFINED,UNDEFINED
GNU Affero General Public License v3.0 only,AGPL-3.0-only,"Unknown, probably Attention or Stop or No-Go",SaaSCopyleft,UNDEFINED,UNDEFINED
GNU Affero General Public License v3.0 or later,AGPL-3.0-or-later,"Unknown, probably Attention or Stop or No-Go",SaaSCopyleft,True,UNDEFINED
AMD's plpa_map.c License,AMDPLPA,Go,NoCopyleft,UNDEFINED,UNDEFINED
Apple MIT License,AML,Go,NoCopyleft,UNDEFINED,UNDEFINED
Academy of Motion Picture Arts and Sciences BSD,AMPAS,Go,NoCopyleft,UNDEFINED,UNDEFINED
ANTLR Software Rights Notice,ANTLR-PD,Go,NoCopyleft,UNDEFINED,UNDEFINED
Adobe Postscript AFM License,APAFML,Go,NoCopyleft,UNDEFINED,UNDEFINED
Adaptive Public License 1.0,APL-1.0,"Unknown, probably Attention or Stop or No-Go",StrongCopyleft,UNDEFINED,UNDEFINED
Apple Public Source License 1.0,APSL-1.0,"Unknown, probably Stop or No-Go",SaaSCopyleft,UNDEFINED,UNDEFINED
Apple Public Source License 1.1,APSL-1.1,"Unknown, probably Stop or No-Go",SaaSCopyleft,UNDEFINED,UNDEFINED
Apple Public Source License 1.2,APSL-1.2,"Unknown, probably Stop or No-Go",SaaSCopyleft,UNDEFINED,UNDEFINED
Apple Public Source License 2.0,APSL-2.0,"Unknown, probably Attention or Stop or No-Go",SaaSCopyleft,False,UNDEFINED
Abstyles License,Abstyles,Unknown,NoCopyleft,UNDEFINED,UNDEFINED
Adobe Systems Incorporated Source Code License Agreement,Adobe-2006,"Unknown, probably Stop or No-Go",NoCopyleft,UNDEFINED,UNDEFINED
Adobe Glyph List License,Adobe-Glyph,Unknown,NoCopyleft,UNDEFINED,UNDEFINED
Afmparse License,Afmparse,"Unknown, probably Stop or No-Go",NoCopyleft,UNDEFINED,UNDEFINED
Aladdin Free Public License,Aladdin,"Unknown, probably Stop or No-Go",Copyleft,UNDEFINED,UNDEFINED
Apache License 1.0,Apache-1.0,Go,NoCopyleft,UNDEFINED,UNDEFINED
Apache License 1.1,Apache-1.1,Attention,NoCopyleft,UNDEFINED,UNDEFINED
Apache License 2.0,Apache-2.0,Go,NoCopyleft,True,UNDEFINED
Artistic License 1.0,Artistic-1.0,"Unknown, probably Stop or No-Go",WeakCopyleft,UNDEFINED,UNDEFINED
Artistic License 1.0 (Perl),Artistic-1.0-Perl,"Unknown, probably Stop or No-Go",WeakCopyleft,UNDEFINED,UNDEFINED
Artistic License 1.0 w/clause 8,Artistic-1.0-cl8,"Unknown, probably Stop or No-Go",WeakCopyleft,UNDEFINED,UNDEFINED
Artistic License 2.0,Artistic-2.0,"Unknown, probably Attention or Stop or No-Go",WeakCopyleft,False,UNDEFINED
BSD 1-Clause License,BSD-1-Clause,Go,NoCopyleft,UNDEFINED,UNDEFINED
"BSD 2-Clause ""Simplified"" License",BSD-2-Clause,Go,NoCopyleft,UNDEFINED,UNDEFINED
BSD-2-Clause Plus Patent License,BSD-2-Clause-Patent,Go,NoCopyleft,UNDEFINED,UNDEFINED
BSD 2-Clause with views sentence,BSD-2-Clause-Views,"Unknown, probably Attention or Stop or No-Go",NoCopyleft,UNDEFINED,UNDEFINED
"BSD 3-Clause ""New"" or ""Revised"" License",BSD-3-Clause,Go,NoCopyleft,UNDEFINED,UNDEFINED
BSD with attribution,BSD-3-Clause-Attribution,Go,NoCopyleft,UNDEFINED,UNDEFINED
BSD 3-Clause Clear License,BSD-3-Clause-Clear,Go,NoCopyleft,UNDEFINED,UNDEFINED
Lawrence Berkeley National Labs BSD variant license,BSD-3-Clause-LBNL,Go,NoCopyleft,UNDEFINED,UNDEFINED
BSD 3-Clause No Nuclear License,BSD-3-Clause-No-Nuclear-License,"Unknown, probably Attention or Stop or No-Go",NoCopyleft,UNDEFINED,UNDEFINED
BSD 3-Clause No Nuclear License 2014,BSD-3-Clause-No-Nuclear-License-2014,Go,NoCopyleft,UNDEFINED,UNDEFINED
BSD 3-Clause No Nuclear Warranty,BSD-3-Clause-No-Nuclear-Warranty,Go,NoCopyleft,UNDEFINED,UNDEFINED
BSD 3-Clause Open MPI variant,BSD-3-Clause-Open-MPI,"Unknown, probably Attention or Stop or No-Go",NoCopyleft,UNDEFINED,UNDEFINED
"BSD 4-Clause ""Original"" or ""Old"" License",BSD-4-Clause,Attention,NoCopyleft,UNDEFINED,UNDEFINED
BSD-4-Clause (University of California-Specific),BSD-4-Clause-UC,Attention,NoCopyleft,UNDEFINED,UNDEFINED
BSD Protection License,BSD-Protection,"Unknown, probably Attention or Stop or No-Go",StrongCopyleft,UNDEFINED,UNDEFINED
BSD Source Code Attribution,BSD-Source-Code,Go,NoCopyleft,UNDEFINED,UNDEFINED
Boost Software License 1.0,BSL-1.0,Go,NoCopyleft,False,UNDEFINED
Bahyph License,Bahyph,Go,NoCopyleft,UNDEFINED,UNDEFINED
Barr License,Barr,Go,NoCopyleft,UNDEFINED,UNDEFINED
Beerware License,Beerware,"Unknown, probably Stop or No-Go",NoCopyleft,False,UNDEFINED
BitTorrent Open Source License v1.0,BitTorrent-1.0,"Unknown, probably Attention or Stop or No-Go",WeakCopyleft,UNDEFINED,UNDEFINED
BitTorrent Open Source License v1.1,BitTorrent-1.1,"Unknown, probably Attention or Stop or No-Go",WeakCopyleft,UNDEFINED,UNDEFINED
Blue Oak Model License 1.0.0,BlueOak-1.0.0,Go,NoCopyleft,UNDEFINED,UNDEFINED
Borceux license,Borceux,"Unknown, probably Stop or No-Go",NoCopyleft,UNDEFINED,UNDEFINED
Cryptographic Autonomy License 1.0,CAL-1.0,"Unknown, probably Attention or Stop or No-Go",MaximalCopyleft,UNDEFINED,UNDEFINED
Cryptographic Autonomy License 1.0 (Combined Work Exception),CAL-1.0-Combined-Work-Exception,"Unknown, probably Attention or Stop or No-Go",WeakCopyleft,UNDEFINED,UNDEFINED
Computer Associates Trusted Open Source License 1.1,CATOSL-1.1,"Unknown, probably Attention or Stop or No-Go",WeakCopyleft,UNDEFINED,UNDEFINED
Creative Commons Attribution 1.0 Generic,CC-BY-1.0,"Unknown, probably Attention or Stop or No-Go",NoCopyleft,UNDEFINED,UNDEFINED
Creative Commons Attribution 2.0 Generic,CC-BY-2.0,Unknown,NoCopyleft,UNDEFINED,UNDEFINED
Creative Commons Attribution 2.5 Generic,CC-BY-2.5,Unknown,NoCopyleft,UNDEFINED,UNDEFINED
Creative Commons Attribution 3.0 Unported,CC-BY-3.0,Unknown,NoCopyleft,UNDEFINED,UNDEFINED
Creative Commons Attribution 3.0 Austria,CC-BY-3.0-AT,"Unknown, probably Attention or Stop or No-Go",NoCopyleft,UNDEFINED,UNDEFINED
Creative Commons Attribution 3.0 United States,CC-BY-3.0-US,"Unknown, probably Attention or Stop or No-Go",UNDEFINED,UNDEFINED,UNDEFINED
Creative Commons Attribution 4.0 International,CC-BY-4.0,Unknown,NoCopyleft,False,UNDEFINED
Creative Commons Attribution Non Commercial 1.0 Generic,CC-BY-NC-1.0,No-Go,UNDEFINED,UNDEFINED,True
Creative Commons Attribution Non Commercial 2.0 Generic,CC-BY-NC-2.0,No-Go,UNDEFINED,UNDEFINED,True
Creative Commons Attribution Non Commercial 2.5 Generic,CC-BY-NC-2.5,No-Go,UNDEFINED,UNDEFINED,True
Creative Commons Attribution Non Commercial 3.0 Unported,CC-BY-NC-3.0,No-Go,UNDEFINED,UNDEFINED,True
Creative Commons Attribution Non Commercial 4.0 International,CC-BY-NC-4.0,No-Go,UNDEFINED,UNDEFINED,True
Creative Commons Attribution Non Commercial No Derivatives 1.0 Generic,CC-BY-NC-ND-1.0,No-Go,UNDEFINED,UNDEFINED,True
Creative Commons Attribution Non Commercial No Derivatives 2.0 Generic,CC-BY-NC-ND-2.0,No-Go,UNDEFINED,UNDEFINED,True
Creative Commons Attribution Non Commercial No Derivatives 2.5 Generic,CC-BY-NC-ND-2.5,No-Go,UNDEFINED,UNDEFINED,True
Creative Commons Attribution Non Commercial No Derivatives 3.0 Unported,CC-BY-NC-ND-3.0,No-Go,UNDEFINED,UNDEFINED,True
Creative Commons Attribution Non Commercial No Derivatives 3.0 IGO,CC-BY-NC-ND-3.0-IGO,"Unknown, probably Attention or Stop or No-Go",UNDEFINED,UNDEFINED,UNDEFINED
Creative Commons Attribution Non Commercial No Derivatives 4.0 International,CC-BY-NC-ND-4.0,No-Go,UNDEFINED,UNDEFINED,True
Creative Commons Attribution Non Commercial Share Alike 1.0 Generic,CC-BY-NC-SA-1.0,No-Go,UNDEFINED,UNDEFINED,True
Creative Commons Attribution Non Commercial Share Alike 2.0 Generic,CC-BY-NC-SA-2.0,No-Go,UNDEFINED,UNDEFINED,True
Creative Commons Attribution Non Commercial Share Alike 2.5 Generic,CC-BY-NC-SA-2.5,No-Go,UNDEFINED,UNDEFINED,True
Creative Commons Attribution Non Commercial Share Alike 3.0 Unported,CC-BY-NC-SA-3.0,No-Go,UNDEFINED,UNDEFINED,True
Creative Commons Attribution Non Commercial Share Alike 4.0 International,CC-BY-NC-SA-4.0,No-Go,UNDEFINED,UNDEFINED,True
Creative Commons Attribution No Derivatives 1.0 Generic,CC-BY-ND-1.0,"Unknown, probably Attention or Stop or No-Go",UNDEFINED,UNDEFINED,UNDEFINED
Creative Commons Attribution No Derivatives 2.0 Generic,CC-BY-ND-2.0,"Unknown, probably Attention or Stop or No-Go",UNDEFINED,UNDEFINED,UNDEFINED
Creative Commons Attribution No Derivatives 2.5 Generic,CC-BY-ND-2.5,"Unknown, probably Attention or Stop or No-Go",UNDEFINED,UNDEFINED,UNDEFINED
Creative Commons Attribution No Derivatives 3.0 Unported,CC-BY-ND-3.0,"Unknown, probably Attention or Stop or No-Go",UNDEFINED,UNDEFINED,UNDEFINED
Creative Commons Attribution No Derivatives 4.0 International,CC-BY-ND-4.0,"Unknown, probably Attention or Stop or No-Go",UNDEFINED,UNDEFINED,UNDEFINED
Creative Commons Attribution Share Alike 1.0 Generic,CC-BY-SA-1.0,"Unknown, probably Attention or Stop or No-Go",StrongCopyleft,UNDEFINED,UNDEFINED
Creative Commons Attribution Share Alike 2.0 Generic,CC-BY-SA-2.0,"Unknown, probably Attention or Stop or No-Go",StrongCopyleft,UNDEFINED,UNDEFINED
Creative Commons Attribution Share Alike 2.0 England and Wales,CC-BY-SA-2.0-UK,"Unknown, probably Attention or Stop or No-Go",UNDEFINED,UNDEFINED,UNDEFINED
Creative Commons Attribution Share Alike 2.5 Generic,CC-BY-SA-2.5,"Unknown, probably Attention or Stop or No-Go",StrongCopyleft,UNDEFINED,UNDEFINED
Creative Commons Attribution Share Alike 3.0 Unported,CC-BY-SA-3.0,"Unknown, probably Attention or Stop or No-Go",StrongCopyleft,UNDEFINED,UNDEFINED
Creative Commons Attribution-Share Alike 3.0 Austria,CC-BY-SA-3.0-AT,"Unknown, probably Attention or Stop or No-Go",WeakCopyleft,UNDEFINED,UNDEFINED
Creative Commons Attribution Share Alike 4.0 International,CC-BY-SA-4.0,"Unknown, probably Attention or Stop or No-Go",StrongCopyleft,False,UNDEFINED
Creative Commons Public Domain Dedication and Certification,CC-PDDC,"Unknown, probably Attention or Stop or No-Go",NoCopyleft,UNDEFINED,UNDEFINED
Creative Commons Zero v1.0 Universal,CC0-1.0,Go,NoCopyleft,False,UNDEFINED
Common Development and Distribution License 1.0,CDDL-1.0,"Unknown, probably Attention or Stop or No-Go",WeakCopyleft,False,UNDEFINED
Common Development and Distribution License 1.1,CDDL-1.1,"Unknown, probably Attention or Stop or No-Go",WeakCopyleft,UNDEFINED,UNDEFINED
Community Data License Agreement Permissive 1.0,CDLA-Permissive-1.0,"Unknown, probably Attention or Stop or No-Go",NoCopyleft,UNDEFINED,UNDEFINED
Community Data License Agreement Sharing 1.0,CDLA-Sharing-1.0,"Unknown, probably Attention or Stop or No-Go",WeakCopyleft,UNDEFINED,UNDEFINED
CeCILL Free Software License Agreement v1.0,CECILL-1.0,"Unknown, probably Attention or Stop or No-Go",Copyleft,UNDEFINED,UNDEFINED
CeCILL Free Software License Agreement v1.1,CECILL-1.1,"Unknown, probably Attention or Stop or No-Go",WeakCopyleft,UNDEFINED,UNDEFINED
CeCILL Free Software License Agreement v2.0,CECILL-2.0,"Unknown, probably Attention or Stop or No-Go",WeakCopyleft,UNDEFINED,UNDEFINED
CeCILL Free Software License Agreement v2.1,CECILL-2.1,"Unknown, probably Attention or Stop or No-Go",WeakCopyleft,False,UNDEFINED
CeCILL-B Free Software License Agreement,CECILL-B,"Unknown, probably Stop or No-Go",NoCopyleft,UNDEFINED,UNDEFINED
CeCILL-C Free Software License Agreement,CECILL-C,"Unknown, probably Attention or Stop or No-Go",WeakCopyleft,UNDEFINED,UNDEFINED
CERN Open Hardware Licence v1.1,CERN-OHL-1.1,"Unknown, probably Attention or Stop or No-Go",NoCopyleft,UNDEFINED,UNDEFINED
CERN Open Hardware Licence v1.2,CERN-OHL-1.2,"Unknown, probably Attention or Stop or No-Go",NoCopyleft,UNDEFINED,UNDEFINED
CERN Open Hardware Licence Version 2 - Permissive,CERN-OHL-P-2.0,"Unknown, probably Attention or Stop or No-Go",NoCopyleft,UNDEFINED,UNDEFINED
CERN Open Hardware Licence Version 2 - Strongly Reciprocal,CERN-OHL-S-2.0,"Unknown, probably Attention or Stop or No-Go",Copyleft,UNDEFINED,UNDEFINED
CERN Open Hardware Licence Version 2 - Weakly Reciprocal,CERN-OHL-W-2.0,"Unknown, probably Attention or Stop or No-Go",WeakCopyleft,UNDEFINED,UNDEFINED
CNRI Jython License,CNRI-Jython,Go,NoCopyleft,UNDEFINED,UNDEFINED
CNRI Python License,CNRI-Python,Go,NoCopyleft,UNDEFINED,UNDEFINED
CNRI Python Open Source GPL Compatible License Agreement,CNRI-Python-GPL-Compatible,Go,NoCopyleft,UNDEFINED,UNDEFINED
Common Public Attribution License 1.0,CPAL-1.0,"Unknown, probably Attention or Stop or No-Go",SaaSCopyleft,UNDEFINED,UNDEFINED
Common Public License 1.0,CPL-1.0,"Unknown, probably Attention or Stop or No-Go",StrongCopyleft,False,UNDEFINED
Code Project Open License 1.02,CPOL-1.02,"Unknown, probably Attention or Stop or No-Go",UNDEFINED,UNDEFINED,UNDEFINED
CUA Office Public License v1.0,CUA-OPL-1.0,"Unknown, probably Attention or Stop or No-Go",WeakCopyleft,UNDEFINED,UNDEFINED
Caldera License,Caldera,"Unknown, probably Attention or Stop or No-Go",NoCopyleft,UNDEFINED,UNDEFINED
Clarified Artistic License,ClArtistic,"Unknown, probably Stop or No-Go",WeakCopyleft,UNDEFINED,UNDEFINED
Condor Public License v1.1,Condor-1.1,"Unknown, probably Stop or No-Go",NoCopyleft,UNDEFINED,UNDEFINED
Crossword License,Crossword,"Unknown, probably Stop or No-Go",NoCopyleft,UNDEFINED,UNDEFINED
CrystalStacker License,CrystalStacker,"Unknown, probably Stop or No-Go",NoCopyleft,UNDEFINED,UNDEFINED
Cube License,Cube,Go,NoCopyleft,UNDEFINED,UNDEFINED
Deutsche Freie Software Lizenz,D-FSL-1.0,"Unknown, probably Attention or Stop or No-Go",Copyleft,UNDEFINED,UNDEFINED
DOC License,DOC,"Unknown, probably Stop or No-Go",NoCopyleft,UNDEFINED,UNDEFINED
DSDP License,DSDP,Go,NoCopyleft,UNDEFINED,UNDEFINED
Dotseqn License,Dotseqn,Unknown,NoCopyleft,UNDEFINED,UNDEFINED
Educational Community License v1.0,ECL-1.0,Go,NoCopyleft,False,UNDEFINED
Educational Community License v2.0,ECL-2.0,Go,NoCopyleft,UNDEFINED,UNDEFINED
Eiffel Forum License v1.0,EFL-1.0,"Unknown, probably Stop or No-Go",NoCopyleft,UNDEFINED,UNDEFINED
Eiffel Forum License v2.0,EFL-2.0,"Unknown, probably Stop or No-Go",NoCopyleft,UNDEFINED,UNDEFINED
EPICS Open License,EPICS,Unknown,NoCopyleft,UNDEFINED,UNDEFINED
Eclipse Public License 1.0,EPL-1.0,"Unknown, probably Attention or Stop or No-Go",StrongCopyleft,UNDEFINED,UNDEFINED
Eclipse Public License 2.0,EPL-2.0,"Unknown, probably Attention or Stop or No-Go",StrongCopyleft,True,UNDEFINED
EU DataGrid Software License,EUDatagrid,Unknown,NoCopyleft,UNDEFINED,UNDEFINED
European Union Public License 1.0,EUPL-1.0,"Unknown, probably Attention or Stop or No-Go",SaaSCopyleft,UNDEFINED,UNDEFINED
European Union Public License 1.1,EUPL-1.1,"Unknown, probably Attention or Stop or No-Go",SaaSCopyleft,UNDEFINED,UNDEFINED
European Union Public License 1.2,EUPL-1.2,"Unknown, probably Attention or Stop or No-Go",SaaSCopyleft,True,UNDEFINED
Entessa Public License v1.0,Entessa,Go,NoCopyleft,UNDEFINED,UNDEFINED
Erlang Public License v1.1,ErlPL-1.1,"Unknown, probably Attention or Stop or No-Go",WeakCopyleft,UNDEFINED,UNDEFINED
Eurosym License,Eurosym,"Unknown, probably Attention or Stop or No-Go",WeakCopyleft,UNDEFINED,UNDEFINED
FSF All Permissive License,FSFAP,Unknown,NoCopyleft,UNDEFINED,UNDEFINED
FSF Unlimited License,FSFUL,Unknown,NoCopyleft,UNDEFINED,UNDEFINED
FSF Unlimited License (with License Retention),FSFULLR,Unknown,NoCopyleft,UNDEFINED,UNDEFINED
Freetype Project License,FTL,Go,NoCopyleft,UNDEFINED,UNDEFINED
Fair License,Fair,"Unknown, probably Stop or No-Go",NoCopyleft,UNDEFINED,UNDEFINED
Frameworx Open License 1.0,Frameworx-1.0,"Unknown, probably Attention or Stop or No-Go",WeakCopyleft,UNDEFINED,UNDEFINED
FreeImage Public License v1.0,FreeImage,"Unknown, probably Attention or Stop or No-Go",WeakCopyleft,UNDEFINED,UNDEFINED
GNU Free Documentation License v1.1 only - invariants,GFDL-1.1-invariants-only,"Unknown, probably Attention or Stop or No-Go",UNDEFINED,UNDEFINED,UNDEFINED
GNU Free Documentation License v1.1 or later - invariants,GFDL-1.1-invariants-or-later,"Unknown, probably Attention or Stop or No-Go",UNDEFINED,UNDEFINED,UNDEFINED
GNU Free Documentation License v1.1 only - no invariants,GFDL-1.1-no-invariants-only,"Unknown, probably Attention or Stop or No-Go",UNDEFINED,UNDEFINED,UNDEFINED
GNU Free Documentation License v1.1 or later - no invariants,GFDL-1.1-no-invariants-or-later,"Unknown, probably Attention or Stop or No-Go",UNDEFINED,UNDEFINED,UNDEFINED
GNU Free Documentation License v1.1 only,GFDL-1.1-only,"Unknown, probably Attention or Stop or No-Go",WeakCopyleft,UNDEFINED,UNDEFINED
GNU Free Documentation License v1.1 or later,GFDL-1.1-or-later,"Unknown, probably Attention or Stop or No-Go",WeakCopyleft,UNDEFINED,UNDEFINED
GNU Free Documentation License v1.2 only - invariants,GFDL-1.2-invariants-only,"Unknown, probably Attention or Stop or No-Go",UNDEFINED,UNDEFINED,UNDEFINED
GNU Free Documentation License v1.2 or later - invariants,GFDL-1.2-invariants-or-later,"Unknown, probably Attention or Stop or No-Go",UNDEFINED,UNDEFINED,UNDEFINED
GNU Free Documentation License v1.2 only - no invariants,GFDL-1.2-no-invariants-only,"Unknown, probably Attention or Stop or No-Go",UNDEFINED,UNDEFINED,UNDEFINED
GNU Free Documentation License v1.2 or later - no invariants,GFDL-1.2-no-invariants-or-later,"Unknown, probably Attention or Stop or No-Go",UNDEFINED,UNDEFINED,UNDEFINED
GNU Free Documentation License v1.2 only,GFDL-1.2-only,"Unknown, probably Attention or Stop or No-Go",WeakCopyleft,UNDEFINED,UNDEFINED
GNU Free Documentation License v1.2 or later,GFDL-1.2-or-later,"Unknown, probably Attention or Stop or No-Go",WeakCopyleft,UNDEFINED,UNDEFINED
GNU Free Documentation License v1.3 only - invariants,GFDL-1.3-invariants-only,"Unknown, probably Attention or Stop or No-Go",UNDEFINED,UNDEFINED,UNDEFINED
GNU Free Documentation License v1.3 or later - invariants,GFDL-1.3-invariants-or-later,"Unknown, probably Attention or Stop or No-Go",UNDEFINED,UNDEFINED,UNDEFINED
GNU Free Documentation License v1.3 only - no invariants,GFDL-1.3-no-invariants-only,"Unknown, probably Attention or Stop or No-Go",UNDEFINED,UNDEFINED,UNDEFINED
GNU Free Documentation License v1.3 or later - no invariants,GFDL-1.3-no-invariants-or-later,"Unknown, probably Attention or Stop or No-Go",UNDEFINED,UNDEFINED,UNDEFINED
GNU Free Documentation License v1.3 only,GFDL-1.3-only,"Unknown, probably Attention or Stop or No-Go",WeakCopyleft,UNDEFINED,UNDEFINED
GNU Free Documentation License v1.3 or later,GFDL-1.3-or-later,"Unknown, probably Attention or Stop or No-Go",WeakCopyleft,UNDEFINED,UNDEFINED
GL2PS License,GL2PS,"Unknown, probably Attention or Stop or No-Go",WeakCopyleft,UNDEFINED,UNDEFINED
Good Luck With That Public License,GLWTPL,"Unknown, probably Attention or Stop or No-Go",NoCopyleft,UNDEFINED,UNDEFINED
GNU General Public License v1.0 only,GPL-1.0-only,"Unknown, probably Attention or Stop or No-Go",StrongCopyleft,UNDEFINED,UNDEFINED
GNU General Public License v1.0 or later,GPL-1.0-or-later,"Unknown, probably Attention or Stop or No-Go",StrongCopyleft,UNDEFINED,UNDEFINED
GNU General Public License v2.0 only,GPL-2.0-only,"Unknown, probably Attention or Stop or No-Go",StrongCopyleft,UNDEFINED,UNDEFINED
GNU General Public License v2.0 or later,GPL-2.0-or-later,"Unknown, probably Attention or Stop or No-Go",StrongCopyleft,UNDEFINED,UNDEFINED
GNU General Public License v3.0 only,GPL-3.0-only,"Unknown, probably Attention or Stop or No-Go",StrongCopyleft,True,UNDEFINED
GNU General Public License v3.0 only,GPL-3.0-only,"Unknown, probably Attention or Stop or No-Go",StrongCopyleft,True,UNDEFINED
Giftware License,Giftware,"Unknown, probably Stop or No-Go",NoCopyleft,UNDEFINED,UNDEFINED
3dfx Glide License,Glide,"Unknown, probably Attention or Stop or No-Go",Copyleft,UNDEFINED,UNDEFINED
Glulxe License,Glulxe,Unknown,NoCopyleft,UNDEFINED,UNDEFINED
Historical Permission Notice and Disclaimer,HPND,"Unknown, probably Stop or No-Go",NoCopyleft,UNDEFINED,UNDEFINED
Historical Permission Notice and Disclaimer - sell variant,HPND-sell-variant,"Unknown, probably Attention or Stop or No-Go",NoCopyleft,UNDEFINED,UNDEFINED
Haskell Language Report License,HaskellReport,Unknown,NoCopyleft,UNDEFINED,UNDEFINED
Hippocratic License 2.1,Hippocratic-2.1,"Unknown, probably Attention or Stop or No-Go",UNDEFINED,UNDEFINED,UNDEFINED
IBM PowerPC Initialization and Boot Software,IBM-pibs,Go,NoCopyleft,UNDEFINED,UNDEFINED
ICU License,ICU,Go,NoCopyleft,UNDEFINED,UNDEFINED
Independent JPEG Group License,IJG,"Unknown, probably Stop or No-Go",NoCopyleft,UNDEFINED,UNDEFINED
IPA Font License,IPA,"Unknown, probably Attention or Stop or No-Go",StrongCopyleft,UNDEFINED,UNDEFINED
IBM Public License v1.0,IPL-1.0,"Unknown, probably Attention or Stop or No-Go",WeakCopyleft,False,UNDEFINED
ISC License,ISC,Go,NoCopyleft,False,UNDEFINED
ImageMagick License,ImageMagick,Go,NoCopyleft,UNDEFINED,UNDEFINED
Imlib2 License,Imlib2,"Unknown, probably Attention or Stop or No-Go",WeakCopyleft,UNDEFINED,UNDEFINED
Info-ZIP License,Info-ZIP,Go,NoCopyleft,UNDEFINED,UNDEFINED
Intel Open Source License,Intel,"Unknown, no option left",NoCopyleft,UNDEFINED,UNDEFINED
Intel ACPI Software License Agreement,Intel-ACPI,Unknown,NoCopyleft,UNDEFINED,UNDEFINED
Interbase Public License v1.0,Interbase-1.0,"Unknown, probably Attention or Stop or No-Go",WeakCopyleft,UNDEFINED,UNDEFINED
Japan Network Information Center License,JPNIC,"Unknown, probably Attention or Stop or No-Go",NoCopyleft,UNDEFINED,UNDEFINED
JSON License,JSON,"Unknown, probably Stop or No-Go",NoCopyleft,UNDEFINED,UNDEFINED
JasPer License,JasPer-2.0,Go,NoCopyleft,UNDEFINED,UNDEFINED
Licence Art Libre 1.2,LAL-1.2,"Unknown, probably Attention or Stop or No-Go",UNDEFINED,UNDEFINED,UNDEFINED
Licence Art Libre 1.3,LAL-1.3,"Unknown, probably Attention or Stop or No-Go",UNDEFINED,UNDEFINED,UNDEFINED
GNU Library General Public License v2 only,LGPL-2.0-only,"Unknown, probably Attention or Stop or No-Go",WeakCopyleft,UNDEFINED,UNDEFINED
GNU Library General Public License v2 or later,LGPL-2.0-or-later,"Unknown, probably Attention or Stop or No-Go",WeakCopyleft,UNDEFINED,UNDEFINED
GNU Lesser General Public License v2.1 only,LGPL-2.1-only,"Unknown, probably Attention or Stop or No-Go",WeakCopyleft,UNDEFINED,UNDEFINED
GNU Lesser General Public License v2.1 or later,LGPL-2.1-or-later,"Unknown, probably Attention or Stop or No-Go",WeakCopyleft,UNDEFINED,UNDEFINED
GNU Lesser General Public License v3.0 only,LGPL-3.0-only,"Unknown, probably Attention or Stop or No-Go",WeakCopyleft,True,UNDEFINED
GNU Lesser General Public License v3.0 only,LGPL-3.0-only,"Unknown, probably Attention or Stop or No-Go",WeakCopyleft,True,UNDEFINED
Lesser General Public License For Linguistic Resources,LGPLLR,"Unknown, probably Attention or Stop or No-Go",WeakCopyleft,UNDEFINED,UNDEFINED
Lucent Public License Version 1.0,LPL-1.0,"Unknown, probably Stop or No-Go",WeakCopyleft,UNDEFINED,UNDEFINED
Lucent Public License v1.02,LPL-1.02,"Unknown, probably Stop or No-Go",WeakCopyleft,UNDEFINED,UNDEFINED
LaTeX Project Public License v1.0,LPPL-1.0,"Unknown, probably Attention or Stop or No-Go",WeakCopyleft,UNDEFINED,UNDEFINED
LaTeX Project Public License v1.1,LPPL-1.1,"Unknown, probably Attention or Stop or No-Go",WeakCopyleft,UNDEFINED,UNDEFINED
LaTeX Project Public License v1.2,LPPL-1.2,"Unknown, probably Attention or Stop or No-Go",WeakCopyleft,UNDEFINED,UNDEFINED
LaTeX Project Public License v1.3a,LPPL-1.3a,"Unknown, probably Attention or Stop or No-Go",WeakCopyleft,UNDEFINED,UNDEFINED
LaTeX Project Public License v1.3c,LPPL-1.3c,"Unknown, probably Attention or Stop or No-Go",WeakCopyleft,False,UNDEFINED
Latex2e License,Latex2e,Unknown,NoCopyleft,UNDEFINED,UNDEFINED
Leptonica License,Leptonica,"Unknown, probably Stop or No-Go",NoCopyleft,UNDEFINED,UNDEFINED
Licence Libre du Québec – Permissive version 1.1,LiLiQ-P-1.1,"Unknown, probably Attention or Stop or No-Go",UNDEFINED,UNDEFINED,UNDEFINED
Licence Libre du Québec – Réciprocité version 1.1,LiLiQ-R-1.1,"Unknown, probably Attention or Stop or No-Go",UNDEFINED,UNDEFINED,UNDEFINED
Licence Libre du Québec – Réciprocité forte version 1.1,LiLiQ-Rplus-1.1,"Unknown, probably Attention or Stop or No-Go",UNDEFINED,UNDEFINED,UNDEFINED
libpng License,Libpng,Go,NoCopyleft,UNDEFINED,UNDEFINED
Linux Kernel Variant of OpenIB.org license,Linux-OpenIB,Go,NoCopyleft,UNDEFINED,UNDEFINED
MIT License,MIT,Go,NoCopyleft,False,UNDEFINED
MIT No Attribution,MIT-0,Go,NoCopyleft,UNDEFINED,UNDEFINED
CMU License,MIT-CMU,Go,NoCopyleft,UNDEFINED,UNDEFINED
Enlightenment License (e16),MIT-advertising,Go,NoCopyleft,UNDEFINED,UNDEFINED
enna License,MIT-enna,Go,NoCopyleft,UNDEFINED,UNDEFINED
feh License,MIT-feh,Go,NoCopyleft,UNDEFINED,UNDEFINED
MIT +no-false-attribs license,MITNFA,Go,NoCopyleft,UNDEFINED,UNDEFINED
Mozilla Public License 1.0,MPL-1.0,"Unknown, probably Attention or Stop or No-Go",WeakCopyleft,UNDEFINED,UNDEFINED
Mozilla Public License 1.1,MPL-1.1,"Unknown, probably Attention or Stop or No-Go",WeakCopyleft,UNDEFINED,UNDEFINED
Mozilla Public License 2.0,MPL-2.0,"Unknown, probably Attention or Stop or No-Go",WeakCopyleft,True,UNDEFINED
Mozilla Public License 2.0 (no copyleft exception),MPL-2.0-no-copyleft-exception,"Unknown, probably Attention or Stop or No-Go",WeakCopyleft,UNDEFINED,UNDEFINED
Microsoft Public License,MS-PL,"Unknown, probably Attention or Stop or No-Go",WeakCopyleft,False,UNDEFINED
Microsoft Reciprocal License,MS-RL,"Unknown, probably Attention or Stop or No-Go",StrongCopyleft,UNDEFINED,UNDEFINED
Matrix Template Library License,MTLL,Go,NoCopyleft,UNDEFINED,UNDEFINED
MakeIndex License,MakeIndex,"Unknown, probably Attention or Stop or No-Go",Copyleft,UNDEFINED,UNDEFINED
The MirOS Licence,MirOS,"Unknown, probably Stop or No-Go",NoCopyleft,UNDEFINED,UNDEFINED
Motosoto License,Motosoto,"Unknown, probably Attention or Stop or No-Go",WeakCopyleft,UNDEFINED,UNDEFINED
"Mulan Permissive Software License, Version 1",MulanPSL-1.0,"Unknown, probably Attention or Stop or No-Go",NoCopyleft,UNDEFINED,UNDEFINED
"Mulan Permissive Software License, Version 2",MulanPSL-2.0,Unknown,NoCopyleft,UNDEFINED,UNDEFINED
Multics License,Multics,Go,NoCopyleft,UNDEFINED,UNDEFINED
Mup License,Mup,Go,NoCopyleft,UNDEFINED,UNDEFINED
NASA Open Source Agreement 1.3,NASA-1.3,"Unknown, probably Stop or No-Go",WeakCopyleft,UNDEFINED,UNDEFINED
Net Boolean Public License v1,NBPL-1.0,"Unknown, probably Stop or No-Go",WeakCopyleft,UNDEFINED,UNDEFINED
Non-Commercial Government Licence,NCGL-UK-2.0,"Unknown, probably Attention or Stop or No-Go",UNDEFINED,UNDEFINED,UNDEFINED
University of Illinois/NCSA Open Source License,NCSA,Go,NoCopyleft,UNDEFINED,UNDEFINED
Nethack General Public License,NGPL,"Unknown, probably Attention or Stop or No-Go",WeakCopyleft,UNDEFINED,UNDEFINED
NIST Public Domain Notice,NIST-PD,"Unknown, probably Attention or Stop or No-Go",NoCopyleft,UNDEFINED,UNDEFINED
NIST Public Domain Notice with license fallback,NIST-PD-fallback,"Unknown, probably Attention or Stop or No-Go",NoCopyleft,UNDEFINED,UNDEFINED
Norwegian Licence for Open Government Data,NLOD-1.0,"Unknown, probably Attention or Stop or No-Go",NoCopyleft,UNDEFINED,UNDEFINED
No Limit Public License,NLPL,"Unknown, probably Stop or No-Go",NoCopyleft,UNDEFINED,UNDEFINED
Netizen Open Source License,NOSL,"Unknown, probably Attention or Stop or No-Go",WeakCopyleft,UNDEFINED,UNDEFINED
Netscape Public License v1.0,NPL-1.0,"Unknown, probably Attention or Stop or No-Go",WeakCopyleft,UNDEFINED,UNDEFINED
Netscape Public License v1.1,NPL-1.1,"Unknown, probably Attention or Stop or No-Go",WeakCopyleft,False,UNDEFINED
Non-Profit Open Software License 3.0,NPOSL-3.0,"Unknown, probably Attention or Stop or No-Go",SaaSCopyleft,UNDEFINED,UNDEFINED
NRL License,NRL,"Unknown, probably Stop or No-Go",NoCopyleft,UNDEFINED,UNDEFINED
NTP License,NTP,Go,NoCopyleft,UNDEFINED,UNDEFINED
NTP No Attribution,NTP-0,"Unknown, probably Attention or Stop or No-Go",NoCopyleft,UNDEFINED,UNDEFINED
Naumen Public License,Naumen,Go,NoCopyleft,UNDEFINED,UNDEFINED
Net-SNMP License,Net-SNMP,Go,NoCopyleft,UNDEFINED,UNDEFINED
NetCDF license,NetCDF,Go,NoCopyleft,UNDEFINED,UNDEFINED
Newsletr License,Newsletr,"Unknown, probably Stop or No-Go",NoCopyleft,UNDEFINED,UNDEFINED
Nokia Open Source License,Nokia,"Unknown, probably Attention or Stop or No-Go",WeakCopyleft,UNDEFINED,UNDEFINED
Noweb License,Noweb,"Unknown, probably Attention or Stop or No-Go",WeakCopyleft,UNDEFINED,UNDEFINED
Open Use of Data Agreement v1.0,O-UDA-1.0,"Unknown, probably Attention or Stop or No-Go",NoCopyleft,UNDEFINED,UNDEFINED
Open CASCADE Technology Public License,OCCT-PL,"Unknown, probably Stop or No-Go",WeakCopyleft,UNDEFINED,UNDEFINED
OCLC Research Public License 2.0,OCLC-2.0,"Unknown, probably Attention or Stop or No-Go",WeakCopyleft,UNDEFINED,UNDEFINED
Open Data Commons Attribution License v1.0,ODC-By-1.0,"Unknown, probably Attention or Stop or No-Go",NoCopyleft,UNDEFINED,UNDEFINED
ODC Open Database License v1.0,ODbL-1.0,"Unknown, probably Attention or Stop or No-Go",StrongCopyleft,UNDEFINED,UNDEFINED
SIL Open Font License 1.0,OFL-1.0,Unknown,NoCopyleft,UNDEFINED,UNDEFINED
SIL Open Font License 1.0 with Reserved Font Name,OFL-1.0-RFN,"Unknown, probably Attention or Stop or No-Go",UNDEFINED,UNDEFINED,UNDEFINED
SIL Open Font License 1.0 with no Reserved Font Name,OFL-1.0-no-RFN,"Unknown, probably Attention or Stop or No-Go",UNDEFINED,UNDEFINED,UNDEFINED
SIL Open Font License 1.1,OFL-1.1,Unknown,NoCopyleft,UNDEFINED,UNDEFINED
SIL Open Font License 1.1 with Reserved Font Name,OFL-1.1-RFN,"Unknown, probably Attention or Stop or No-Go",UNDEFINED,UNDEFINED,UNDEFINED
SIL Open Font License 1.1 with no Reserved Font Name,OFL-1.1-no-RFN,"Unknown, probably Attention or Stop or No-Go",UNDEFINED,UNDEFINED,UNDEFINED
"OGC Software License, Version 1.0",OGC-1.0,"Unknown, probably Attention or Stop or No-Go",NoCopyleft,UNDEFINED,UNDEFINED
Open Government Licence - Canada,OGL-Canada-2.0,"Unknown, probably Attention or Stop or No-Go",NoCopyleft,UNDEFINED,UNDEFINED
Open Government Licence v1.0,OGL-UK-1.0,"Unknown, probably Attention or Stop or No-Go",NoCopyleft,UNDEFINED,UNDEFINED
Open Government Licence v2.0,OGL-UK-2.0,"Unknown, probably Attention or Stop or No-Go",NoCopyleft,UNDEFINED,UNDEFINED
Open Government Licence v3.0,OGL-UK-3.0,"Unknown, probably Attention or Stop or No-Go",NoCopyleft,UNDEFINED,UNDEFINED
Open Group Test Suite License,OGTSL,"Unknown, probably Stop or No-Go",WeakCopyleft,UNDEFINED,UNDEFINED
Open LDAP Public License v1.1,OLDAP-1.1,"Unknown, probably Stop or No-Go",WeakCopyleft,UNDEFINED,UNDEFINED
Open LDAP Public License v1.2,OLDAP-1.2,"Unknown, probably Stop or No-Go",WeakCopyleft,UNDEFINED,UNDEFINED
Open LDAP Public License v1.3,OLDAP-1.3,"Unknown, probably Stop or No-Go",WeakCopyleft,UNDEFINED,UNDEFINED
Open LDAP Public License v1.4,OLDAP-1.4,"Unknown, probably Stop or No-Go",WeakCopyleft,UNDEFINED,UNDEFINED
Open LDAP Public License v2.0 (or possibly 2.0A and 2.0B),OLDAP-2.0,Go,NoCopyleft,UNDEFINED,UNDEFINED
Open LDAP Public License v2.0.1,OLDAP-2.0.1,Go,NoCopyleft,UNDEFINED,UNDEFINED
Open LDAP Public License v2.1,OLDAP-2.1,Go,NoCopyleft,UNDEFINED,UNDEFINED
Open LDAP Public License v2.2,OLDAP-2.2,Go,NoCopyleft,UNDEFINED,UNDEFINED
Open LDAP Public License v2.2.1,OLDAP-2.2.1,Go,NoCopyleft,UNDEFINED,UNDEFINED
Open LDAP Public License 2.2.2,OLDAP-2.2.2,Go,NoCopyleft,UNDEFINED,UNDEFINED
Open LDAP Public License v2.3,OLDAP-2.3,Go,NoCopyleft,UNDEFINED,UNDEFINED
Open LDAP Public License v2.4,OLDAP-2.4,Go,NoCopyleft,UNDEFINED,UNDEFINED
Open LDAP Public License v2.5,OLDAP-2.5,Go,NoCopyleft,UNDEFINED,UNDEFINED
Open LDAP Public License v2.6,OLDAP-2.6,Go,NoCopyleft,UNDEFINED,UNDEFINED
Open LDAP Public License v2.7,OLDAP-2.7,Go,NoCopyleft,UNDEFINED,UNDEFINED
Open LDAP Public License v2.8,OLDAP-2.8,Go,NoCopyleft,UNDEFINED,UNDEFINED
Open Market License,OML,Go,NoCopyleft,UNDEFINED,UNDEFINED
Open Public License v1.0,OPL-1.0,"Unknown, probably Attention or Stop or No-Go",WeakCopyleft,UNDEFINED,UNDEFINED
OSET Public License version 2.1,OSET-PL-2.1,"Unknown, probably Attention or Stop or No-Go",WeakCopyleft,UNDEFINED,UNDEFINED
Open Software License 1.0,OSL-1.0,"Unknown, probably Attention or Stop or No-Go",SaaSCopyleft,UNDEFINED,UNDEFINED
Open Software License 1.1,OSL-1.1,"Unknown, probably Attention or Stop or No-Go",SaaSCopyleft,UNDEFINED,UNDEFINED
Open Software License 2.0,OSL-2.0,"Unknown, probably Attention or Stop or No-Go",SaaSCopyleft,UNDEFINED,UNDEFINED
Open Software License 2.1,OSL-2.1,"Unknown, probably Attention or Stop or No-Go",SaaSCopyleft,UNDEFINED,UNDEFINED
Open Software License 3.0,OSL-3.0,"Unknown, probably Attention or Stop or No-Go",SaaSCopyleft,True,UNDEFINED
OpenSSL License,OpenSSL,Go,NoCopyleft,False,UNDEFINED
ODC Public Domain Dedication & License 1.0,PDDL-1.0,"Unknown, probably Attention or Stop or No-Go",NoCopyleft,UNDEFINED,UNDEFINED
PHP License v3.0,PHP-3.0,Go,NoCopyleft,UNDEFINED,UNDEFINED
PHP License v3.01,PHP-3.01,Go,NoCopyleft,UNDEFINED,UNDEFINED
Python Software Foundation License 2.0,PSF-2.0,"Unknown, probably Attention or Stop or No-Go",NoCopyleft,UNDEFINED,UNDEFINED
The Parity Public License 6.0.0,Parity-6.0.0,"Unknown, probably Attention or Stop or No-Go",MaximalCopyleft,UNDEFINED,UNDEFINED
The Parity Public License 7.0.0,Parity-7.0.0,"Unknown, probably Attention or Stop or No-Go",MaximalCopyleft,UNDEFINED,UNDEFINED
Plexus Classworlds License,Plexus,Go,NoCopyleft,UNDEFINED,UNDEFINED
PolyForm Noncommercial License 1.0.0,PolyForm-Noncommercial-1.0.0,"Unknown, probably Attention or Stop or No-Go",UNDEFINED,UNDEFINED,UNDEFINED
PolyForm Small Business License 1.0.0,PolyForm-Small-Business-1.0.0,"Unknown, probably Attention or Stop or No-Go",UNDEFINED,UNDEFINED,UNDEFINED
PostgreSQL License,PostgreSQL,Go,NoCopyleft,UNDEFINED,UNDEFINED
Python License 2.0,Python-2.0,Go,NoCopyleft,False,UNDEFINED
Q Public License 1.0,QPL-1.0,"Unknown, probably Attention or Stop or No-Go",StrongCopyleft,False,UNDEFINED
Qhull License,Qhull,"Unknown, probably Stop or No-Go",WeakCopyleft,UNDEFINED,UNDEFINED
Red Hat eCos Public License v1.1,RHeCos-1.1,"Unknown, probably Attention or Stop or No-Go",WeakCopyleft,UNDEFINED,UNDEFINED
Reciprocal Public License 1.1,RPL-1.1,"Unknown, probably Attention or Stop or No-Go",MaximalCopyleft,UNDEFINED,UNDEFINED
Reciprocal Public License 1.5,RPL-1.5,"Unknown, probably Attention or Stop or No-Go",MaximalCopyleft,UNDEFINED,UNDEFINED
RealNetworks Public Source License v1.0,RPSL-1.0,"Unknown, probably Attention or Stop or No-Go",SaaSCopyleft,UNDEFINED,UNDEFINED
RSA Message-Digest License,RSA-MD,"Unknown, probably Stop or No-Go",NoCopyleft,UNDEFINED,UNDEFINED
Ricoh Source Code Public License,RSCPL,"Unknown, probably Stop or No-Go",WeakCopyleft,UNDEFINED,UNDEFINED
Rdisc License,Rdisc,"Unknown, probably Stop or No-Go",NoCopyleft,UNDEFINED,UNDEFINED
Ruby License,Ruby,"Unknown, probably Attention or Stop or No-Go",WeakCopyleft,UNDEFINED,UNDEFINED
Sax Public Domain Notice,SAX-PD,"Unknown, probably Attention or Stop or No-Go",NoCopyleft,UNDEFINED,UNDEFINED
SCEA Shared Source License,SCEA,Unknown,NoCopyleft,UNDEFINED,UNDEFINED
SGI Free Software License B v1.0,SGI-B-1.0,"Unknown, probably Attention or Stop or No-Go",UNDEFINED,UNDEFINED,UNDEFINED
SGI Free Software License B v1.1,SGI-B-1.1,"Unknown, probably Attention or Stop or No-Go",NoCopyleft,UNDEFINED,UNDEFINED
SGI Free Software License B v2.0,SGI-B-2.0,Go,NoCopyleft,UNDEFINED,UNDEFINED
Solderpad Hardware License v0.5,SHL-0.5,"Unknown, probably Attention or Stop or No-Go",NoCopyleft,UNDEFINED,UNDEFINED
"Solderpad Hardware License, Version 0.51",SHL-0.51,"Unknown, probably Attention or Stop or No-Go",NoCopyleft,UNDEFINED,UNDEFINED
Sun Industry Standards Source License v1.1,SISSL,"Unknown, probably Attention or Stop or No-Go",WeakCopyleft,UNDEFINED,UNDEFINED
Sun Industry Standards Source License v1.2,SISSL-1.2,"Unknown, probably Attention or Stop or No-Go",WeakCopyleft,UNDEFINED,UNDEFINED
Standard ML of New Jersey License,SMLNJ,Go,NoCopyleft,UNDEFINED,UNDEFINED
Secure Messaging Protocol Public License,SMPPL,"Unknown, probably Attention or Stop or No-Go",WeakCopyleft,UNDEFINED,UNDEFINED
SNIA Public License 1.1,SNIA,"Unknown, probably Attention or Stop or No-Go",Copyleft,UNDEFINED,UNDEFINED
Sun Public License v1.0,SPL-1.0,"Unknown, probably Attention or Stop or No-Go",WeakCopyleft,UNDEFINED,UNDEFINED
SSH OpenSSH license,SSH-OpenSSH,"Unknown, probably Attention or Stop or No-Go",NoCopyleft,UNDEFINED,UNDEFINED
SSH short notice,SSH-short,"Unknown, probably Attention or Stop or No-Go",NoCopyleft,UNDEFINED,UNDEFINED
"Server Side Public License, v 1",SSPL-1.0,"Unknown, probably Attention or Stop or No-Go",UNDEFINED,UNDEFINED,UNDEFINED
Scheme Widget Library (SWL) Software License Agreement,SWL,Go,NoCopyleft,UNDEFINED,UNDEFINED
Saxpath License,Saxpath,Go,NoCopyleft,UNDEFINED,UNDEFINED
Sendmail License,Sendmail,Unknown,NoCopyleft,UNDEFINED,UNDEFINED
Sendmail License 8.23,Sendmail-8.23,"Unknown, probably Attention or Stop or No-Go",WeakCopyleft,UNDEFINED,UNDEFINED
Simple Public License 2.0,SimPL-2.0,"Unknown, probably Attention or Stop or No-Go",Copyleft,UNDEFINED,UNDEFINED
Sleepycat License,Sleepycat,"Unknown, probably Attention or Stop or No-Go",StrongCopyleft,False,UNDEFINED
Spencer License 86,Spencer-86,"Unknown, probably Stop or No-Go",NoCopyleft,UNDEFINED,UNDEFINED
Spencer License 94,Spencer-94,"Unknown, probably Stop or No-Go",NoCopyleft,UNDEFINED,UNDEFINED
Spencer License 99,Spencer-99,Go,NoCopyleft,UNDEFINED,UNDEFINED
SugarCRM Public License v1.1.3,SugarCRM-1.1.3,"Unknown, probably Attention or Stop or No-Go",WeakCopyleft,UNDEFINED,UNDEFINED
TAPR Open Hardware License v1.0,TAPR-OHL-1.0,"Unknown, probably Attention or Stop or No-Go",WeakCopyleft,UNDEFINED,UNDEFINED
TCL/TK License,TCL,Go,NoCopyleft,UNDEFINED,UNDEFINED
TCP Wrappers License,TCP-wrappers,Go,NoCopyleft,UNDEFINED,UNDEFINED
TMate Open Source License,TMate,"Unknown, probably Attention or Stop or No-Go",Copyleft,UNDEFINED,UNDEFINED
TORQUE v2.5+ Software License v1.1,TORQUE-1.1,"Unknown, probably Attention or Stop or No-Go",WeakCopyleft,UNDEFINED,UNDEFINED
Trusster Open Source License,TOSL,"Unknown, probably Attention or Stop or No-Go",Copyleft,UNDEFINED,UNDEFINED
Technische Universitaet Berlin License 1.0,TU-Berlin-1.0,"Unknown, probably Stop or No-Go",NoCopyleft,UNDEFINED,UNDEFINED
Technische Universitaet Berlin License 2.0,TU-Berlin-2.0,"Unknown, probably Stop or No-Go",NoCopyleft,UNDEFINED,UNDEFINED
Upstream Compatibility License v1.0,UCL-1.0,"Unknown, probably Attention or Stop or No-Go",WeakCopyleft,UNDEFINED,UNDEFINED
Universal Permissive License v1.0,UPL-1.0,Go,NoCopyleft,UNDEFINED,UNDEFINED
Unicode License Agreement - Data Files and Software (2015),Unicode-DFS-2015,Go,NoCopyleft,UNDEFINED,UNDEFINED
Unicode License Agreement - Data Files and Software (2016),Unicode-DFS-2016,Go,NoCopyleft,UNDEFINED,UNDEFINED
Unicode Terms of Use,Unicode-TOU,"Unknown, probably Attention or Stop or No-Go",UNDEFINED,UNDEFINED,UNDEFINED
The Unlicense,Unlicense,Go,NoCopyleft,False,UNDEFINED
VOSTROM Public License for Open Source,VOSTROM,"Unknown, probably Attention or Stop or No-Go",Copyleft,UNDEFINED,UNDEFINED
Vovida Software License v1.0,VSL-1.0,Go,NoCopyleft,UNDEFINED,UNDEFINED
Vim License,Vim,"Unknown, probably Attention or Stop or No-Go",StrongCopyleft,UNDEFINED,UNDEFINED
W3C Software Notice and License (2002-12-31),W3C,Go,NoCopyleft,False,UNDEFINED
W3C Software Notice and License (1998-07-20),W3C-19980720,"Unknown, probably Stop or No-Go",NoCopyleft,UNDEFINED,UNDEFINED
W3C Software Notice and Document License (2015-05-13),W3C-20150513,"Unknown, probably Stop or No-Go",NoCopyleft,UNDEFINED,UNDEFINED
Do What The F*ck You Want To Public License,WTFPL,"Unknown, probably Stop or No-Go",NoCopyleft,False,UNDEFINED
Sybase Open Watcom Public License 1.0,Watcom-1.0,"Unknown, probably Stop or No-Go",WeakCopyleft,UNDEFINED,UNDEFINED
Wsuipa License,Wsuipa,"Unknown, probably Stop or No-Go",NoCopyleft,UNDEFINED,UNDEFINED
ICU License,ICU,Go,NoCopyleft,UNDEFINED,UNDEFINED
XFree86 License 1.1,XFree86-1.1,Go,NoCopyleft,False,UNDEFINED
XSkat License,XSkat,Unknown,NoCopyleft,UNDEFINED,UNDEFINED
Xerox License,Xerox,Go,NoCopyleft,UNDEFINED,UNDEFINED
X.Net License,Xnet,"Unknown, no option left",NoCopyleft,UNDEFINED,UNDEFINED
Yahoo! Public License v1.0,YPL-1.0,"Unknown, probably Attention or Stop or No-Go",WeakCopyleft,UNDEFINED,UNDEFINED
Yahoo! Public License v1.1,YPL-1.1,"Unknown, probably Attention or Stop or No-Go",WeakCopyleft,UNDEFINED,UNDEFINED
Zope Public License 1.1,ZPL-1.1,"Unknown, probably Stop or No-Go",NoCopyleft,UNDEFINED,UNDEFINED
Zope Public License 2.0,ZPL-2.0,Go,NoCopyleft,UNDEFINED,UNDEFINED
Zope Public License 2.1,ZPL-2.1,Go,NoCopyleft,UNDEFINED,UNDEFINED
Zed License,Zed,"Unknown, probably Stop or No-Go",NoCopyleft,UNDEFINED,UNDEFINED
Zend License v2.0,Zend-2.0,"Unknown, probably Stop or No-Go",NoCopyleft,UNDEFINED,UNDEFINED
Zimbra Public License v1.3,Zimbra-1.3,"Unknown, probably Attention or Stop or No-Go",WeakCopyleft,UNDEFINED,UNDEFINED
Zimbra Public License v1.4,Zimbra-1.4,"Unknown, probably Attention or Stop or No-Go",WeakCopyleft,UNDEFINED,UNDEFINED
zlib License,Zlib,Go,NoCopyleft,False,UNDEFINED
SQLite Blessing,blessing,"Unknown, probably Attention or Stop or No-Go",NoCopyleft,UNDEFINED,UNDEFINED
bzip2 and libbzip2 License v1.0.5,bzip2-1.0.5,Go,NoCopyleft,UNDEFINED,UNDEFINED
bzip2 and libbzip2 License v1.0.6,bzip2-1.0.6,Go,NoCopyleft,UNDEFINED,UNDEFINED
copyleft-next 0.3.0,copyleft-next-0.3.0,"Unknown, probably Attention or Stop or No-Go",Copyleft,UNDEFINED,UNDEFINED
copyleft-next 0.3.1,copyleft-next-0.3.1,"Unknown, probably Attention or Stop or No-Go",Copyleft,UNDEFINED,UNDEFINED
curl License,curl,Go,NoCopyleft,UNDEFINED,UNDEFINED
diffmark license,diffmark,"Unknown, probably Stop or No-Go",NoCopyleft,UNDEFINED,UNDEFINED
dvipdfm License,dvipdfm,Unknown,NoCopyleft,UNDEFINED,UNDEFINED
eGenix.com Public License 1.1.0,eGenix,Go,NoCopyleft,UNDEFINED,UNDEFINED
Etalab Open License 2.0,etalab-2.0,"Unknown, probably Attention or Stop or No-Go",NoCopyleft,UNDEFINED,UNDEFINED
gSOAP Public License v1.3b,gSOAP-1.3b,"Unknown, probably Attention or Stop or No-Go",WeakCopyleft,UNDEFINED,UNDEFINED
gnuplot License,gnuplot,"Unknown, probably Attention or Stop or No-Go",WeakCopyleft,UNDEFINED,UNDEFINED
iMatix Standard Function Library Agreement,iMatix,Unknown,NoCopyleft,UNDEFINED,UNDEFINED
PNG Reference Library version 2,libpng-2.0,"Unknown, probably Attention or Stop or No-Go",NoCopyleft,UNDEFINED,UNDEFINED
libselinux public domain notice,libselinux-1.0,"Unknown, probably Attention or Stop or No-Go",NoCopyleft,UNDEFINED,UNDEFINED
libtiff License,libtiff,Go,NoCopyleft,UNDEFINED,UNDEFINED
mpich2 License,mpich2,"Unknown, probably Stop or No-Go",NoCopyleft,UNDEFINED,UNDEFINED
psfrag License,psfrag,Unknown,NoCopyleft,UNDEFINED,UNDEFINED
psutils License,psutils,"Unknown, probably Stop or No-Go",NoCopyleft,UNDEFINED,UNDEFINED
xinetd License,xinetd,"Unknown, probably Stop or No-Go",NoCopyleft,UNDEFINED,UNDEFINED
XPP License,xpp,Go,NoCopyleft,UNDEFINED,UNDEFINED
zlib/libpng License with Acknowledgement,zlib-acknowledgement,Go,NoCopyleft,UNDEFINED,UNDEFINED
