,,,,,,,,,,,,,,,,,,,,
"LGPL3","LGPL-3","LGPL-3+","LGPL3.0","LGPL-3.0","LGPL3.0+","lgpl-3.0","LGPL (v3)","LGPL-3.0+","GNU LGPLv3","LGPL (v3.0)","LGPL-3.0-only","LGPL-3.0-or-later","LGPL (v3 or later)","GNU Lesser General Public License 3.0","GNU Lesser General Public License Version 3","GNU Lesser General Public License v3.0 only","GNU Lesser General Public License, Version 3.0","GNU Lesser General Public License v3.0 or later","License :: OSI Approved :: GNU Lesser General Public License v3 (LGPLv3)","License :: OSI Approved :: GNU Library or Lesser General Public License (LGPL)"
"LGPL3","LGPL-3","LGPL-3+","LGPL3.0","LGPL-3.0","LGPL3.0+","lgpl-3.0","LGPL (v3)","LGPL-3.0+","GNU LGPLv3","LGPL (v3.0)","LGPL-3.0-only","LGPL-3.0-or-later","LGPL (v3 or later)","GNU Lesser General Public License 3.0","GNU Lesser General Public License Version 3","GNU Lesser General Public License v3.0 only","GNU Lesser General Public License, Version 3.0","GNU Lesser General Public License v3.0 or later","License :: OSI Approved :: GNU Lesser General Public License v3 (LGPLv3)","License :: OSI Approved :: GNU Library or Lesser General Public License (LGPL)"
"GPL3","GPL3+","GPL3.0","GPL-3.0","GPL3.0+","gpl-3.0","GPL (v3)","GPL-3.0+","GNU GPLv3","GPL-3.0-only","GPL-3.0-or-later","GPL (v3 or later)","GNU General Public License 3.0","GNU General Public License Version 3","GNU General Public License v3.0 only","GNU General Public License, Version 3.0","GNU General Public License v3.0 or later","License :: OSI Approved :: GNU General Public License (GPL)","License :: OSI Approved :: GNU General Public License v3 (GPLv3)",,
"GPL3","GPL3+","GPL3.0","GPL-3.0","GPL3.0+","gpl-3.0","GPL (v3)","GPL-3.0+","GNU GPLv3","GPL-3.0-only","GPL-3.0-or-later","GPL (v3 or later)","GNU General Public License 3.0","GNU General Public License Version 3","GNU General Public License v3.0 only","GNU General Public License, Version 3.0","GNU General Public License v3.0 or later","License :: OSI Approved :: GNU General Public License (GPL)","License :: OSI Approved :: GNU General Public License v3 (GPLv3)",,
"AGPL3","AGPL3.0","agpl-v3","AGPL-3.0","agpl-3.0","AGPL (v3)","GNU AGPLv3","AGPL-3.0-only","Affero General Public License 3.0","GNU Affero General Public License v3","GNU AFFERO GENERAL PUBLIC LICENSE Version 3","GNU Affero General Public License v3.0 only","GNU Affero General Public License (AGPL-3.0) (v. 3.0)","GNU AFFERO GENERAL PUBLIC LICENSE, Version 3 (AGPL-3.0)","License :: OSI Approved :: GNU Affero General Public License v3",,,,,,
"BSD-3","BSD-3-Clause","BSD-3-clause","bsd-3-clause","BSD (3 clause)","New BSD License","Revised BSD License","BSD 3-Clause License","Modified BSD License","BSD License (no advertising)","License :: OSI Approved :: BSD License","BSD 3-Clause ""New"" or ""Revised"" License","BSD 3-Clause ""New"" or ""Revised"" License (BSD-3-Clause)",,,,,,,,
"BSD-2","BSD-2-Clause","BSD-2-clause","bsd-2-clause","BSD (2 clause)","FreeBSD License","BSD 2-Clause License","Simplified BSD License","BSD License (two clause)","BSD 2-Clause ""Simplified"" License","BSD 2-Clause ""Simplified"" or ""FreeBSD"" License","BSD 2-Clause ""Simplified"" or ""FreeBSD"" License (BSD-2-Clause)",,,,,,,,,
"GPL2","GPL2.0","GPL-2.0","gpl-2.0","GPL (v2)","GNU GPLv2","GPL-2.0-only","GNU General Public License 2.0","GNU General Public License Version 2","GNU General Public License v2.0 only","GNU General Public License, Version 2.0","License :: OSI Approved :: GNU General Public License v2 (GPLv2)",,,,,,,,,
"LGPL2.1","LGPL-2.1","lgpl-2.1","LGPL (v2.1)","GNU LGPLv2.1","LGPL-2.1-only","GNU Lesser General Public License 2.1","GNU Lesser General Public License v2.1 only","GNU Lesser General Public License Version 2.1","GNU Lesser General Public License, Version 2.1","License :: OSI Approved :: GNU Lesser General Public License v2 (LGPLv2)",,,,,,,,,,
"ALv2","ASL 2.0","apache2.0","Apache-2.0","apache-2.0","Apache (v2.0)","Apache License 2.0","Apache License, Version 2.0","Apache Software License 2.0","License :: OSI Approved :: Apache Software License",,,,,,,,,,,
"MIT","mit","Expat","MIT License","mit-license","The MIT License","MIT/Expat License","MIT license (also X11)","MIT license / X11 license","License :: OSI Approved :: MIT License",,,,,,,,,,,
"Artistic 2.0","Artistic-2.0","artistic-2.0","Artistic License 2.0","artistic-license-2.0","The Artistic License 2.0","Artistic License (v. 2.0)","Artistic License, Version 2.0","License :: OSI Approved :: Artistic License",,,,,,,,,,,,
"Zlib","zlib","zlib/libpng","zlib License","zlib-license","zlib/libpng License","zlib/libpng license","The zlib/libpng License (Zlib)","License :: OSI Approved :: zlib/libpng License",,,,,,,,,,,,
"AGPL3+","AGPL3.0+","AGPL-3.0+","AGPL-3.0-or-later","AGPL (v3 or later)","GNU Affero General Public License 3.0","Affero General Public License 3.0 or later","GNU Affero General Public License v3.0 or later",,,,,,,,,,,,,
"bsl1.0","BSL-1.0","bsl-1.0","BSL (v1)","BSL (v1.0)","Boost Software License 1.0","Boost Software License - Version 1.0","Boost Software License 1.0 (BSL-1.0)",,,,,,,,,,,,,
"CECILL-2.1","CeCILL 2.1","CeCILL-2.1","cecill-2.1","CeCILL License 2.1","CeCILL Free Software License Agreement v2.1","Cea Cnrs Inria Logiciel Libre License, Version 2.1","License :: OSI Approved :: CEA CNRS Inria Logiciel Libre License, version 2.1 (CeCILL-2.1)",,,,,,,,,,,,,
"ibmpl","IPL-1.0","IBM Public License 1.0","IBM Public License v1.0","IBM Public License Version 1.0","IBM Public License, Version 1.0","License :: OSI Approved :: IBM Public License",,,,,,,,,,,,,,
"ISC","isc","ISC License","ISC license","isc-license","ISC License (ISC)","License :: OSI Approved :: ISC License (ISCL)",,,,,,,,,,,,,,
"MPL-2.0","mpl-2.0","mozilla2.0","Mozilla Public License 2.0","Mozilla Public License Version 2.0","Mozilla Public License, Version 2.0","License :: OSI Approved :: Mozilla Public License 2.0 (MPL 2.0)",,,,,,,,,,,,,,
"NCSA","ncsa","uoi-ncsa","UIUC/NCSA","University of Illinois/NCSA Open Source License","The University of Illinois/NCSA Open Source License","License :: OSI Approved :: University of Illinois/NCSA Open Source License",,,,,,,,,,,,,,
"SISSL","sun-issl","Sun Industry Standards Source License","Sun Industry Standards Source License 1.1","Sun Industry Standards Source License v1.1","Sun Industry Standards Source License Version 1.1","License :: OSI Approved :: Sun Industry Standards Source License (SISSL)",,,,,,,,,,,,,,
"W3C","W3C License","The W3C Software Notice and License","License :: OSI Approved :: W3C License","W3C Software Notice and License 20021231","W3C Software Notice and License (2002-12-31)","W3C Software Notice and License (became active on December 31 2002)",,,,,,,,,,,,,,
"AFL-3.0","afl-3.0","Academic Free License 3.0","Academic Free License v3.0","Academic Free License, Version 3.0","License :: OSI Approved :: Academic Free License (AFL)",,,,,,,,,,,,,,,
"ASL 1.0","Apache-1.0","Apache (v1.0)","Apache License 1.0","Apache Software License 1.0","Apache Software License, Version 1.0",,,,,,,,,,,,,,,
"ASL 1.1","Apache-1.1","Apache (v1.1)","Apache License 1.1","Apache Software License 1.1","Apache Software License, Version 1.1",,,,,,,,,,,,,,,
"CC-BY-SA 4.0","CC-BY-SA-4.0","cc-by-sa-4.0","Creative Commons Attribution Share-Alike 4.0","Creative Commons Attribution-ShareAlike 4.0 International","Creative Commons Attribution Share Alike 4.0 International",,,,,,,,,,,,,,,
"CC0 1.0","CC0-1.0","cc0-1.0","Creative Commons Zero 1.0","Creative Commons CC0 1.0 Universal","Creative Commons Zero v1.0 Universal",,,,,,,,,,,,,,,
"cddl1","CDDL-1.0","Common Development and Distribution License 1.0","COMMON DEVELOPMENT AND DISTRIBUTION LICENSE Version 1.0","Common Development and Distribution License, Version 1.0","COMMON DEVELOPMENT AND DISTRIBUTION LICENSE Version 1.0 governed by the laws of the State of California",,,,,,,,,,,,,,,
"CPL","CPL-1.0","Common Public License 1.0","Common Public License Version 1.0","Common Public License, Version 1.0","License :: OSI Approved :: Common Public License",,,,,,,,,,,,,,,
"ecl2","ECL-2.0","ecl-2.0","Educational Community License 2.0","Educational Community License v2.0","Educational Community License, Version 2.0",,,,,,,,,,,,,,,
"EUPL-1.1","eupl-1.1","European Union Public License 1.1","European Union Public Licence, v.1.1","European Union Public License, Version 1.1","License :: OSI Approved :: European Union Public Licence 1.1 (EUPL 1.1)",,,,,,,,,,,,,,,
"GPL1","GPL1.0","GPL-1.0","GPL-1.0-only","GNU General Public License Version 1","GNU General Public License v1.0 only",,,,,,,,,,,,,,,
"GPL2+","GPL2.0+","GPL-2.0+","GPL-2.0-or-later","GPL (v2 or later)","GNU General Public License v2.0 or later",,,,,,,,,,,,,,,
"Intel","intel-osl","Intel License Agreement","Intel Open Source License","The Intel Open Source License","License :: OSI Approved :: Intel Open Source License",,,,,,,,,,,,,,,
"LPPL-1.3c","lppl-1.3c","LaTeX Project Public License 1.3c","LaTeX Project Public License v1.3c","LaTeX Project Public License Version 1.3c","LaTeX Project Public License, Version 1.3c",,,,,,,,,,,,,,,
"MPL-1.1","mozilla1.1","Mozilla Public License 1.1","Mozilla Public License Version 1.1","Mozilla Public License, Version 1.1","License :: OSI Approved :: Mozilla Public License 1.1 (MPL 1.1)",,,,,,,,,,,,,,,
"OFL-1.1","ofl-1.1","Open Font License 1.1","SIL Open Font License 1.1","SIL Open Font License, Version 1.1","SIL OPEN FONT LICENSE Version 1.1 - 26 February 2007",,,,,,,,,,,,,,,
"Python-2.0","Python License 2.0","Python License, Version 2.0","Python Software Foundation License 2","PYTHON SOFTWARE FOUNDATION LICENSE VERSION 2","License :: OSI Approved :: Python Software Foundation License",,,,,,,,,,,,,,,
"QPL-1.0","Q Public License","Q Public License 1.0","Q PUBLIC LICENSE version 1.0","The Q Public License Version (QPL-1.0)","License :: OSI Approved :: Qt Public License (QPL)",,,,,,,,,,,,,,,
"SPL-1.0","Sun Public License 1.0","Sun Public License v1.0","SUN PUBLIC LICENSE Version 1.0","Sun Public License, Version 1.0","License :: OSI Approved :: Sun Public License",,,,,,,,,,,,,,,
"Sleepycat","Sleepycat License","The Sleepycat License","Berkeley Database License","Sleepycat Software Product License","License :: OSI Approved :: Sleepycat License",,,,,,,,,,,,,,,
"VSL-1.0","Vovida Software License 1.0","Vovida Software License v1.0","Vovida Software License, Version 1.0","The Vovida Software License, Version 1.0","License :: OSI Approved :: Vovida Software License 1.0",,,,,,,,,,,,,,,
"ZPL-2.0","Zope-2.0","Zope Public License 2.0","The Zope Public License, Version 2.0","Zope Public License (ZPL) Version 2.0","License :: OSI Approved :: Zope Public License",,,,,,,,,,,,,,,
"AGPL-1.0","AGPL-1.0-only","Affero General Public License 1.0","Affero General Public License (v. 1)","Affero General Public License v1.0 only",,,,,,,,,,,,,,,,
"Artistic-1.0","Artistic License 1.0","Artistic 1.0 (original)","Artistic License (Perl) 1.0","Artistic License, Version 1.0",,,,,,,,,,,,,,,,
"BSD-4-Clause","bsd-4-clause","BSD License (original)","BSD 4-Clause ""Original"" or ""Old"" License","BSD 4-clause ""Original"" or ""Old"" License",,,,,,,,,,,,,,,,
"CATOSL-1.1","ca-tosl1.1","Computer Associates Trusted Open Source License 1.1","Computer Associates Trusted Open Source License, Version 1.1","Computer Associates Trusted Open Source License 1.1 (CATOSL-1.1)",,,,,,,,,,,,,,,,
"CC-BY 4.0","CC-BY-4.0","cc-by-4.0","Creative Commons Attribution 4.0","Creative Commons Attribution 4.0 International",,,,,,,,,,,,,,,,
"CNRI-Python","CNRI Python License","CNRI LICENSE AGREEMENT FOR PYTHON 1.6.1","CNRI portion of the multi-part Python License","License :: OSI Approved :: Python License (CNRI Python License)",,,,,,,,,,,,,,,,
"CPAL-1.0","cpal_1.0","Common Public Attribution License 1.0","Common Public Attribution License Version 1.0","Common Public Attribution License Version 1.0 (CPAL-1.0)",,,,,,,,,,,,,,,,
"EFL-2.0","Eiffel Forum License 2.0","Eiffel Forum License v2.0","Eiffel Forum License, Version 2","License :: OSI Approved :: Eiffel Forum License",,,,,,,,,,,,,,,,
"EPL-1.0","epl-1.0","eclipse-1.0","Eclipse Public License 1.0","Eclipse Public License, Version 1.0",,,,,,,,,,,,,,,,
"EPL-2.0","epl-2.0","eclipse-2.0","Eclipse Public License 2.0","Eclipse Public License - v 2.0",,,,,,,,,,,,,,,,
"GPL1+","GPL1.0+","GPL-1.0+","GPL-1.0-or-later","GNU General Public License v1.0 or later",,,,,,,,,,,,,,,,
"Info-ZIP","Info-ZIP License","Info-ZIP license (Version 2007-Mar-04)","Info-ZIP license (version 2009-Jan-02)","Info-ZIP copyright and license (version 2005-Feb-10)",,,,,,,,,,,,,,,,
"LGPL2.1+","LGPL-2.1+","LGPL-2.1-or-later","LGPL (v2.1 or later)","GNU Lesser General Public License v2.1 or later",,,,,,,,,,,,,,,,
"MPL-1.0","Mozilla Public License 1.0","Mozilla Public License Version 1.0","Mozilla Public License, Version 1.0","License :: OSI Approved :: Mozilla Public License 1.0 (MPL)",,,,,,,,,,,,,,,,
"MS-PL","Ms-PL","ms-pl","Microsoft Public License","Microsoft Public License (MS-PL)",,,,,,,,,,,,,,,,
"MirOS","MirOS Licence","MirOS License","The MirOS Licence","The MirOS Licence (MirOS)",,,,,,,,,,,,,,,,
"ODbL","ODbL-1.0","odbl-1.0","ODC Open Database License v1.0","Open Data Commons Open Database License 1.0",,,,,,,,,,,,,,,,
"PHP-3.0","PHP License 3.0","PHP License v3.0","PHP License, version 3.0","The PHP License, Version 3.0",,,,,,,,,,,,,,,,
"RPSL-1.0","RealNetworks Public Source License 1.0","RealNetworks Public Source License V1.0","RealNetworks Public Source License v1.0","RealNetworks Public Source License, Version 1.0",,,,,,,,,,,,,,,,
"Sendmail","Sendmail License","SENDMAIL LICENSE (version 1998)","SENDMAIL LICENSE (version 2004)","SENDMAIL LICENSE (version 2012)",,,,,,,,,,,,,,,,
"UPL","UPL-1.0","upl-1.0","Universal Permissive License v1.0","The Universal Permissive License (UPL), Version 1.0",,,,,,,,,,,,,,,,
"AAL","Attribution Assurance License","Attribution Assurance Licenses","License :: OSI Approved :: Attribution Assurance License",,,,,,,,,,,,,,,,,
"apl1.0","APL-1.0","Adaptive Public License 1.0","Adaptive Public License, Version 1.0",,,,,,,,,,,,,,,,,
"APSL-2.0","Apple Public Source License 2.0","Apple Public Source License, Version 2.0","License :: OSI Approved :: Apple Public Source License",,,,,,,,,,,,,,,,,
"Clear BSD","BSD-3-Clause-Clear","bsd-3-clause-clear","BSD 3-Clause Clear License",,,,,,,,,,,,,,,,,
"CC-BY-NC-ND-3.0","Creative Commons Attribution-NoDerivs 3.0 Unported","Creative Comnons Attribution-NonCommercial-NoDerivs 3.0 Unported","Creative Commons Attribution Non Commercial No Derivatives 3.0 Unported",,,,,,,,,,,,,,,,,
"CC-BY-SA-1.0","Creative Commons ShareAlike 1.0 Generic","Creative Commons Attribution-ShareAlike 1.0 Generic","Creative Commons Attribution Share Alike 1.0 Generic",,,,,,,,,,,,,,,,,
"CUA-OPL-1.0","CUA Office Public License","CUA Office Public License 1.0","CUA Office Public License v1.0",,,,,,,,,,,,,,,,,
"ECL-1.0","Educational Community License 1.0","Educational Community License v1.0","Educational Community License, Version 1.0",,,,,,,,,,,,,,,,,
"EUPL-1.2","eupl-1.2","European Union Public Licence 1.2","European Union Public License 1.2",,,,,,,,,,,,,,,,,
"Entessa","Entessa Public License","Entessa Public License 1.0","Entessa Public License v1.0",,,,,,,,,,,,,,,,,
"Frameworx-1.0","Frameworx License 1.0","Frameworx Open License 1.0","Frameworx License, Version 1.0",,,,,,,,,,,,,,,,,
"Interbase-1.0","Interbase Public License v1.0","InterBase Public License, Version 1.0","INTERBASE PUBLIC LICENSE, Version 1.0 by ""Borland Software Corporation""",,,,,,,,,,,,,,,,,
"LPL-1.0","Lucent Public License Version 1.0","Lucent Public License (""Plan9"") 1.0","Lucent Public License, Plan 9, Version 1.0",,,,,,,,,,,,,,,,,
"LPL-1.02","Lucent Public License 1.02","Lucent Public License v1.02","Lucent Public License, Version 1.02",,,,,,,,,,,,,,,,,
"LiLiQ-P","LiLiQ-P-1.1","Licence Libre du Québec – Permissive version 1.1","Licence Libre du Québec – Permissive, Version 1.1",,,,,,,,,,,,,,,,,
"LiLiQ-R","LiLiQ-R-1.1","Licence Libre du Québec – Réciprocité version 1.1","Licence Libre du Québec – Réciprocité, Version 1.1",,,,,,,,,,,,,,,,,
"LiLiQ-R+","LiLiQ-Rplus-1.1","Licence Libre du Québec – Réciprocité forte version 1.1","Licence Libre du Québec – Réciprocité forte, Version 1.1",,,,,,,,,,,,,,,,,
"MS-RL","ms-rl","Microsoft Reciprocal License","Microsoft Reciprocal License (MS-RL)",,,,,,,,,,,,,,,,,
"Motosoto","Motosoto License","License :: OSI Approved :: Motosoto License","Motosoto Open Source License, Version 0.9.1",,,,,,,,,,,,,,,,,
"nasa1.3","NASA-1.3","NASA Open Source Agreement 1.3","NASA Open Source Agreement, Version 1.3",,,,,,,,,,,,,,,,,
"NGPL","Nethack General Public License","The Nethack General Public License","License :: OSI Approved :: Nethack General Public License",,,,,,,,,,,,,,,,,
"NPL-1.1","Netscape Public License 1.1","Netscape Public License v1.1","Netscape Public License Version 1.1",,,,,,,,,,,,,,,,,
"nosl3.0","NPOSL-3.0","Non-Profit Open Software License 3.0","The Non-Profit Open Software License, Version 3.0",,,,,,,,,,,,,,,,,
"NetCDF","NetCDF license","NetCDF Copyright","NetCDF Copyright(version 2009)",,,,,,,,,,,,,,,,,
"Nokia","Nokia Open Source License","Nokia Open Source License, Version 1.0a","License :: OSI Approved :: Nokia Open Source License",,,,,,,,,,,,,,,,,
"oclc2","OCLC-2.0","OCLC Research Public License 2.0","The OCLC Research Public License, Version 2.0",,,,,,,,,,,,,,,,,
"ODC-BY-1.0","ODC-By-1.0","Open Data Commons Attribution License 1.0","Open Data Commons Attribution License v1.0",,,,,,,,,,,,,,,,,
"OGL-CA-2.0","OGL-Canada-2.0","Open Government Licence - Canada","Open Government License 2.0 (Canada)",,,,,,,,,,,,,,,,,
"OGTSL","Open Group Test Suite License","The Open Group Test Suite License (OGTSL)","License :: OSI Approved :: Open Group Test Suite License",,,,,,,,,,,,,,,,,
"OSL-2.1","Open Software License 2.1","Open Software License, Version 2.1","Open Software License, version 2.1",,,,,,,,,,,,,,,,,
"OSL-3.0","osl-3.0","Open Software License 3.0","Open Software License, Version 3.0",,,,,,,,,,,,,,,,,
"PDDL-1.0","ODC-PDDL-1.0","ODC Public Domain Dedication & License 1.0","Open Data Commons Public Domain Dedication and Licence 1.0",,,,,,,,,,,,,,,,,
"PostgreSQL","postgresql","PostgreSQL License","The PostgreSQL Licence",,,,,,,,,,,,,,,,,
"RSCPL","Ricoh Source Code Public License","The Ricoh Source Code Public License","License :: OSI Approved :: Ricoh Source Code Public License",,,,,,,,,,,,,,,,,
"Ruby","Ruby License","Ruby License (1.9.3 and later)","Ruby License (1.9.2 and earlier)",,,,,,,,,,,,,,,,,
"SimPL-2.0","Simple-2.0","Simple Public License 2.0","Simple Public License (SimPL-2.0)",,,,,,,,,,,,,,,,,
"Unlicense","unlicense","Unlicense 1","The Unlicense",,,,,,,,,,,,,,,,,
"WTFPL","wtfpl","Do What The F*ck You Want To Public License","Do What The Fuck You Want To Public License (WTFPL) 2",,,,,,,,,,,,,,,,,
"Xnet","X.Net License","The X.Net, Inc. License","License :: OSI Approved :: X.Net License",,,,,,,,,,,,,,,,,
"Zend-2.0"," Zend-2.0","Zend License v2.0","Zend Engine License, Version 2.00",,,,,,,,,,,,,,,,,
"0BSD","0bsd","BSD Zero Clause License",,,,,,,,,,,,,,,,,,
"AFL-2.1","Academic Free License v2.1","Academic Free License Version 2.1",,,,,,,,,,,,,,,,,,
"ANTLR-PD","ANTLR 2 License","ANTLR Software Rights Notice",,,,,,,,,,,,,,,,,,
"APSL-1.1","Apple Public Source License 1.1","APPLE PUBLIC SOURCE LICENSE, Version 1.1",,,,,,,,,,,,,,,,,,
"Open MPI License","BSD-3-Clause-Open-MPI","BSD 3-Clause Open MPI variant",,,,,,,,,,,,,,,,,,
"Beerware","Beerware 42","Beerware License",,,,,,,,,,,,,,,,,,
"BitTorrent-1.1","BitTorrent Open Source License 1.1","BitTorrent Open Source License v1.1",,,,,,,,,,,,,,,,,,
"CC-BY-NC-1.0","Creative Comnons Attribution-NonCommercial 1.0 Generic","Creative Commons Attribution Non Commercial 1.0 Generic",,,,,,,,,,,,,,,,,,
"CC-BY-NC-4.0","Creative Commons Attribution-NonCommercial 4.0","Creative Commons Attribution Non Commercial 4.0 International",,,,,,,,,,,,,,,,,,
"CC-BY-NC-ND-2.5","Creative Commons Attribution-NoDerivs 2.5 Generic","Creative Commons Attribution Non Commercial No Derivatives 2.5 Generic",,,,,,,,,,,,,,,,,,
"CC-BY-NC-ND-4.0","Creative Commons Attribution-NoDerivatives 4.0 International","Creative Commons Attribution Non Commercial No Derivatives 4.0 International",,,,,,,,,,,,,,,,,,
"CC-BY-NC-SA-3.0","Creative Commons Attribution-NonCommercial-ShareAlike 3.0 Unported","Creative Commons Attribution Non Commercial Share Alike 3.0 Unported",,,,,,,,,,,,,,,,,,
"CC-BY-NC-SA-4.0","Creative Commons Attribution-NonCommercial-ShareAlike 4.0 International","Creative Commons Attribution Non Commercial Share Alike 4.0 International",,,,,,,,,,,,,,,,,,
"CC-BY-SA-2.0","Creative Commons Attribution-ShareAlike 2.0 Generic","Creative Commons Attribution Share Alike 2.0 Generic",,,,,,,,,,,,,,,,,,
"CC-BY-SA-2.5","Creative Commons Attribution-ShareAlike 2.5","Creative Commons Attribution Share Alike 2.5 Generic",,,,,,,,,,,,,,,,,,
"CC-BY-SA-3.0","Creative Commons Attribution-ShareAlike 3.0 Unported","Creative Commons Attribution Share Alike 3.0 Unported",,,,,,,,,,,,,,,,,,
"CC-PDDC","Creative Commons Public Domain Dedication and Certification","Creative Commons Copyright-Only Dedication (based on United States law) or Public Domain Certification",,,,,,,,,,,,,,,,,,
"CDDL-1.1","Common Development and Distribution License 1.1","COMMON DEVELOPMENT AND DISTRIBUTION LICENSE Version 1.1",,,,,,,,,,,,,,,,,,
"ClArtistic","Artistic (clarified)","Clarified Artistic License",,,,,,,,,,,,,,,,,,
"CrystalStacker","CrystalStacker License","Crystal Stacker License",,,,,,,,,,,,,,,,,,
"EFL-1.0","Eiffel Forum License v1.0","The Eiffel Forum License, Version 1",,,,,,,,,,,,,,,,,,
"EUDatagrid","EU DataGrid Software License","EU Datagrid Software License",,,,,,,,,,,,,,,,,,
"ErlPL-1.1","Erlang Public License v1.1","ERLANG PUBLIC LICENSE Version 1.1",,,,,,,,,,,,,,,,,,
"FSFAP","FSF All Permissive License","FSF All Permissive license",,,,,,,,,,,,,,,,,,
"FTL","FreeType Project LICENSE","Freetype Project License",,,,,,,,,,,,,,,,,,
"Fair","Fair License","Fair License (Fair)",,,,,,,,,,,,,,,,,,
"GL2PS","GL2PS License","GL2PS LICENSE, Version 2",,,,,,,,,,,,,,,,,,
"ICU","ICU License","ICU License (ICU 1.8.1 and later)",,,,,,,,,,,,,,,,,,
"IJG","IJG License","Independent JPEG Group License",,,,,,,,,,,,,,,,,,
"IPA","IPA Font License","IPA Font License Agreement v1.0",,,,,,,,,,,,,,,,,,
"JasPer-2.0","JasPer License","JasPer License Version 2.0",,,,,,,,,,,,,,,,,,
"LGPL-2.0-only","GNU Library General Public License v2 only","GNU Library General Public License Version 2",,,,,,,,,,,,,,,,,,
"Libpng","libpng License","libpng license (libpng-1.2.6 and later)",,,,,,,,,,,,,,,,,,
"MITNFA","MIT +no-false-attribs License","MIT +no-false-attribs license",,,,,,,,,,,,,,,,,,
"NTP","NTP License","NTP License (NTP)",,,,,,,,,,,,,,,,,,
"Naumen","NAUMEN Public License","Naumen Public License",,,,,,,,,,,,,,,,,,
"OFL-1.0","SIL Open Font License 1.0","SIL OPEN FONT LICENSE Version 1.0 - 22 November 2005",,,,,,,,,,,,,,,,,,
"OGL-UK-1.0","Open Government Licence v1.0","Open Government Licence 1.0 (United Kingdom)",,,,,,,,,,,,,,,,,,
"OGL-UK-2.0","Open Government Licence v2.0","Open Government Licence 2.0 (United Kingdom)",,,,,,,,,,,,,,,,,,
"OGL-UK-3.0","Open Government Licence v3.0","Open Government Licence 3.0 (United Kingdom)",,,,,,,,,,,,,,,,,,
"OLDAP-2.7","The OpenLDAP Public License","Open LDAP Public License v2.7",,,,,,,,,,,,,,,,,,
"OSL-1.0","Open Software License 1.0","Open Software License, Version 1.0",,,,,,,,,,,,,,,,,,
"OpenSSL","OpenSSL License","OpenSSL license",,,,,,,,,,,,,,,,,,
"PHP-3.01","PHP License v3.01","PHP License, version 3.01",,,,,,,,,,,,,,,,,,
"RPL-1.1","Reciprocal Public License 1.1","Reciprocal Public License, Version 1.1",,,,,,,,,,,,,,,,,,
"RPL-1.5","Reciprocal Public License 1.5","Reciprocal Public License, Version 1.5",,,,,,,,,,,,,,,,,,
"RSA-MD","RSA Message-Digest License","RSA Message-Digest License ",,,,,,,,,,,,,,,,,,
"SGI-B-1.1","SGI Free Software License B v1.1","SGI FREE SOFTWARE LICENSE B (Version 1.1 [02/22/2000])",,,,,,,,,,,,,,,,,,
"SGI-B-2.0","SGI Free Software License B v2.0","SGI FREE SOFTWARE LICENSE B (Version 2.0, Sept. 18, 2008)",,,,,,,,,,,,,,,,,,
"SISSL-1.2","Sun Industry Standards Source License v1.2","Sun Industry Standards Source License - Version 1.2",,,,,,,,,,,,,,,,,,
"TMate","TMate Open Source License","TMate Open Source License for ""TMate JavaSVN library""",,,,,,,,,,,,,,,,,,
"Unicode-DFS-2015","Unicode License Agreement - Data Files and Software (2015)","UNICODE, INC. LICENSE AGREEMENT - DATA FILES AND SOFTWARE (since 2016)",,,,,,,,,,,,,,,,,,
"Unicode-DFS-2016","UNICODE, INC. LICENSE AGREEMENT - DATA FILES AND SOFTWARE","Unicode License Agreement - Data Files and Software (2016)",,,,,,,,,,,,,,,,,,
"Vim","vim","Vim License",,,,,,,,,,,,,,,,,,
"W3C-19980720","W3C Software Notice and License (1998-07-20)","W3C SOFTWARE NOTICE AND LICENSE (became active on August 14 1998)",,,,,,,,,,,,,,,,,,
"W3C-20150513","W3C Software Notice and Document License (2015-05-13)","W3C SOFTWARE AND DOCUMENT NOTICE AND LICENSE (become active on May 13, 2015)",,,,,,,,,,,,,,,,,,
"Watcom-1.0","The Sybase Open Source Licence","Sybase Open Watcom Public License 1.0",,,,,,,,,,,,,,,,,,
"XFree86-1.1","XFree86 1.1 License","XFree86 License 1.1",,,,,,,,,,,,,,,,,,
"ZPL-2.1","Zope Public License 2.1","Zope Public License (ZPL) Version 2.1",,,,,,,,,,,,,,,,,,
"bzip2-1.0.6","The bzip2 license","bzip2 and libbzip2 License v1.0.6",,,,,,,,,,,,,,,,,,
"gSOAP-1.3b","gSOAP Public License v1.3b","gSOAP Public License Version 1.3b",,,,,,,,,,,,,,,,,,
"ADSL","Amazon Digital Services License",,,,,,,,,,,,,,,,,,,
"AFL-1.1","Academic Free License v1.1",,,,,,,,,,,,,,,,,,,
"AFL-1.2","Academic Free License v1.2",,,,,,,,,,,,,,,,,,,
"AFL-2.0","Academic Free License v2.0",,,,,,,,,,,,,,,,,,,
"AGPL-1.0-or-later","Affero General Public License v1.0 or later",,,,,,,,,,,,,,,,,,,
"AMDPLPA","AMD's plpa_map.c License",,,,,,,,,,,,,,,,,,,
"AML","Apple MIT License",,,,,,,,,,,,,,,,,,,
"AMPAS","Academy of Motion Picture Arts and Sciences BSD",,,,,,,,,,,,,,,,,,,
"APAFML","Adobe Postscript AFM License",,,,,,,,,,,,,,,,,,,
"APSL-1.0","Apple Public Source License 1.0",,,,,,,,,,,,,,,,,,,
"APSL-1.2","Apple Public Source License 1.2",,,,,,,,,,,,,,,,,,,
"Abstyles","Abstyles License",,,,,,,,,,,,,,,,,,,
"Adobe-2006","Adobe Systems Incorporated Source Code License Agreement",,,,,,,,,,,,,,,,,,,
"Adobe-Glyph","Adobe Glyph List License",,,,,,,,,,,,,,,,,,,
"Afmparse","Afmparse License",,,,,,,,,,,,,,,,,,,
"Aladdin","Aladdin Free Public License",,,,,,,,,,,,,,,,,,,
"Artistic-1.0-Perl","Artistic License 1.0 (Perl)",,,,,,,,,,,,,,,,,,,
"Artistic-1.0-cl8","Artistic License 1.0 w/clause 8",,,,,,,,,,,,,,,,,,,
"BSD-1-Clause","BSD 1-Clause License",,,,,,,,,,,,,,,,,,,
"BSD-2-Clause-Patent","BSD-2-Clause Plus Patent License",,,,,,,,,,,,,,,,,,,
"BSD-2-Clause-Views","BSD 2-Clause with views sentence",,,,,,,,,,,,,,,,,,,
"BSD with attribution","BSD-3-Clause-Attribution",,,,,,,,,,,,,,,,,,,
"BSD-3-Clause-LBNL","Lawrence Berkeley National Labs BSD variant license",,,,,,,,,,,,,,,,,,,
"BSD 3-Clause No Nuclear License","BSD-3-Clause-No-Nuclear-License",,,,,,,,,,,,,,,,,,,
"BSD 3-Clause No Nuclear License 2014","BSD-3-Clause-No-Nuclear-License-2014",,,,,,,,,,,,,,,,,,,
"BSD 3-Clause No Nuclear Warranty","BSD-3-Clause-No-Nuclear-Warranty",,,,,,,,,,,,,,,,,,,
"BSD-4-Clause-UC","BSD-4-Clause (University of California-Specific)",,,,,,,,,,,,,,,,,,,
"BSD-Protection","BSD Protection License",,,,,,,,,,,,,,,,,,,
"BSD-Source-Code","BSD Source Code Attribution",,,,,,,,,,,,,,,,,,,
"Bahyph","Bahyph License",,,,,,,,,,,,,,,,,,,
"Barr","Barr License",,,,,,,,,,,,,,,,,,,
"BitTorrent-1.0","BitTorrent Open Source License v1.0",,,,,,,,,,,,,,,,,,,
"BlueOak-1.0.0","Blue Oak Model License 1.0.0",,,,,,,,,,,,,,,,,,,
"Borceux","Borceux license",,,,,,,,,,,,,,,,,,,
"CAL-1.0","Cryptographic Autonomy License 1.0",,,,,,,,,,,,,,,,,,,
"CAL-1.0-Combined-Work-Exception","Cryptographic Autonomy License 1.0 (Combined Work Exception)",,,,,,,,,,,,,,,,,,,
"CC-BY-1.0","Creative Commons Attribution 1.0 Generic",,,,,,,,,,,,,,,,,,,
"CC-BY-2.0","Creative Commons Attribution 2.0 Generic",,,,,,,,,,,,,,,,,,,
"CC-BY-2.5","Creative Commons Attribution 2.5 Generic",,,,,,,,,,,,,,,,,,,
"CC-BY-3.0","Creative Commons Attribution 3.0 Unported",,,,,,,,,,,,,,,,,,,
"CC-BY-3.0-AT","Creative Commons Attribution 3.0 Austria",,,,,,,,,,,,,,,,,,,
"CC-BY-3.0-US","Creative Commons Attribution 3.0 United States",,,,,,,,,,,,,,,,,,,
"CC-BY-NC-2.0","Creative Commons Attribution Non Commercial 2.0 Generic",,,,,,,,,,,,,,,,,,,
"CC-BY-NC-2.5","Creative Commons Attribution Non Commercial 2.5 Generic",,,,,,,,,,,,,,,,,,,
"CC-BY-NC-3.0","Creative Commons Attribution Non Commercial 3.0 Unported",,,,,,,,,,,,,,,,,,,
"CC-BY-NC-ND-1.0","Creative Commons Attribution Non Commercial No Derivatives 1.0 Generic",,,,,,,,,,,,,,,,,,,
"CC-BY-NC-ND-2.0","Creative Commons Attribution Non Commercial No Derivatives 2.0 Generic",,,,,,,,,,,,,,,,,,,
"CC-BY-NC-ND-3.0-IGO","Creative Commons Attribution Non Commercial No Derivatives 3.0 IGO",,,,,,,,,,,,,,,,,,,
"CC-BY-NC-SA-1.0","Creative Commons Attribution Non Commercial Share Alike 1.0 Generic",,,,,,,,,,,,,,,,,,,
"CC-BY-NC-SA-2.0","Creative Commons Attribution Non Commercial Share Alike 2.0 Generic",,,,,,,,,,,,,,,,,,,
"CC-BY-NC-SA-2.5","Creative Commons Attribution Non Commercial Share Alike 2.5 Generic",,,,,,,,,,,,,,,,,,,
"CC-BY-ND-1.0","Creative Commons Attribution No Derivatives 1.0 Generic",,,,,,,,,,,,,,,,,,,
"CC-BY-ND-2.0","Creative Commons Attribution No Derivatives 2.0 Generic",,,,,,,,,,,,,,,,,,,
"CC-BY-ND-2.5","Creative Commons Attribution No Derivatives 2.5 Generic",,,,,,,,,,,,,,,,,,,
"CC-BY-ND-3.0","Creative Commons Attribution No Derivatives 3.0 Unported",,,,,,,,,,,,,,,,,,,
"CC-BY-ND-4.0","Creative Commons Attribution No Derivatives 4.0 International",,,,,,,,,,,,,,,,,,,
"CC-BY-SA-2.0-UK","Creative Commons Attribution Share Alike 2.0 England and Wales",,,,,,,,,,,,,,,,,,,
"CC-BY-SA-3.0-AT","Creative Commons Attribution-Share Alike 3.0 Austria",,,,,,,,,,,,,,,,,,,
"CDLA-Permissive-1.0","Community Data License Agreement Permissive 1.0",,,,,,,,,,,,,,,,,,,
"CDLA-Sharing-1.0","Community Data License Agreement Sharing 1.0",,,,,,,,,,,,,,,,,,,
"CECILL-1.0","CeCILL Free Software License Agreement v1.0",,,,,,,,,,,,,,,,,,,
"CECILL-1.1","CeCILL Free Software License Agreement v1.1",,,,,,,,,,,,,,,,,,,
"CECILL-2.0","CeCILL Free Software License Agreement v2.0",,,,,,,,,,,,,,,,,,,
"CECILL-B","CeCILL-B Free Software License Agreement",,,,,,,,,,,,,,,,,,,
"CECILL-C","CeCILL-C Free Software License Agreement",,,,,,,,,,,,,,,,,,,
"CERN-OHL-1.1","CERN Open Hardware Licence v1.1",,,,,,,,,,,,,,,,,,,
"CERN-OHL-1.2","CERN Open Hardware Licence v1.2",,,,,,,,,,,,,,,,,,,
"CERN-OHL-P-2.0","CERN Open Hardware Licence Version 2 - Permissive",,,,,,,,,,,,,,,,,,,
"CERN-OHL-S-2.0","CERN Open Hardware Licence Version 2 - Strongly Reciprocal",,,,,,,,,,,,,,,,,,,
"CERN-OHL-W-2.0","CERN Open Hardware Licence Version 2 - Weakly Reciprocal",,,,,,,,,,,,,,,,,,,
"CNRI-Jython","CNRI Jython License",,,,,,,,,,,,,,,,,,,
"CNRI-Python-GPL-Compatible","CNRI Python Open Source GPL Compatible License Agreement",,,,,,,,,,,,,,,,,,,
"CPOL-1.02","Code Project Open License 1.02",,,,,,,,,,,,,,,,,,,
"Caldera","Caldera License",,,,,,,,,,,,,,,,,,,
"Condor-1.1","Condor Public License v1.1",,,,,,,,,,,,,,,,,,,
"Crossword","Crossword License",,,,,,,,,,,,,,,,,,,
"Cube","Cube License",,,,,,,,,,,,,,,,,,,
"D-FSL-1.0","Deutsche Freie Software Lizenz",,,,,,,,,,,,,,,,,,,
"DOC","DOC License",,,,,,,,,,,,,,,,,,,
"DSDP","DSDP License",,,,,,,,,,,,,,,,,,,
"Dotseqn","Dotseqn License",,,,,,,,,,,,,,,,,,,
"EPICS","EPICS Open License",,,,,,,,,,,,,,,,,,,
"EUPL-1.0","European Union Public License 1.0",,,,,,,,,,,,,,,,,,,
"Eurosym","Eurosym License",,,,,,,,,,,,,,,,,,,
"FSFUL","FSF Unlimited License",,,,,,,,,,,,,,,,,,,
"FSFULLR","FSF Unlimited License (with License Retention)",,,,,,,,,,,,,,,,,,,
"FreeImage","FreeImage Public License v1.0",,,,,,,,,,,,,,,,,,,
"GFDL-1.1-invariants-only","GNU Free Documentation License v1.1 only - invariants",,,,,,,,,,,,,,,,,,,
"GFDL-1.1-invariants-or-later","GNU Free Documentation License v1.1 or later - invariants",,,,,,,,,,,,,,,,,,,
"GFDL-1.1-no-invariants-only","GNU Free Documentation License v1.1 only - no invariants",,,,,,,,,,,,,,,,,,,
"GFDL-1.1-no-invariants-or-later","GNU Free Documentation License v1.1 or later - no invariants",,,,,,,,,,,,,,,,,,,
"GFDL-1.1-only","GNU Free Documentation License v1.1 only",,,,,,,,,,,,,,,,,,,
"GFDL-1.1-or-later","GNU Free Documentation License v1.1 or later",,,,,,,,,,,,,,,,,,,
"GFDL-1.2-invariants-only","GNU Free Documentation License v1.2 only - invariants",,,,,,,,,,,,,,,,,,,
"GFDL-1.2-invariants-or-later","GNU Free Documentation License v1.2 or later - invariants",,,,,,,,,,,,,,,,,,,
"GFDL-1.2-no-invariants-only","GNU Free Documentation License v1.2 only - no invariants",,,,,,,,,,,,,,,,,,,
"GFDL-1.2-no-invariants-or-later","GNU Free Documentation License v1.2 or later - no invariants",,,,,,,,,,,,,,,,,,,
"GFDL-1.2-only","GNU Free Documentation License v1.2 only",,,,,,,,,,,,,,,,,,,
"GFDL-1.2-or-later","GNU Free Documentation License v1.2 or later",,,,,,,,,,,,,,,,,,,
"GFDL-1.3-invariants-only","GNU Free Documentation License v1.3 only - invariants",,,,,,,,,,,,,,,,,,,
"GFDL-1.3-invariants-or-later","GNU Free Documentation License v1.3 or later - invariants",,,,,,,,,,,,,,,,,,,
"GFDL-1.3-no-invariants-only","GNU Free Documentation License v1.3 only - no invariants",,,,,,,,,,,,,,,,,,,
"GFDL-1.3-no-invariants-or-later","GNU Free Documentation License v1.3 or later - no invariants",,,,,,,,,,,,,,,,,,,
"GFDL-1.3-only","GNU Free Documentation License v1.3 only",,,,,,,,,,,,,,,,,,,
"GFDL-1.3-or-later","GNU Free Documentation License v1.3 or later",,,,,,,,,,,,,,,,,,,
"GLWTPL","Good Luck With That Public License",,,,,,,,,,,,,,,,,,,
"Giftware","Giftware License",,,,,,,,,,,,,,,,,,,
"Glide","3dfx Glide License",,,,,,,,,,,,,,,,,,,
"Glulxe","Glulxe License",,,,,,,,,,,,,,,,,,,
"HPND","Historical Permission Notice and Disclaimer",,,,,,,,,,,,,,,,,,,
"HPND-sell-variant","Historical Permission Notice and Disclaimer - sell variant",,,,,,,,,,,,,,,,,,,
"HaskellReport","Haskell Language Report License",,,,,,,,,,,,,,,,,,,
"Hippocratic-2.1","Hippocratic License 2.1",,,,,,,,,,,,,,,,,,,
"IBM-pibs","IBM PowerPC Initialization and Boot Software",,,,,,,,,,,,,,,,,,,
"ImageMagick","ImageMagick License",,,,,,,,,,,,,,,,,,,
"Imlib2","Imlib2 License",,,,,,,,,,,,,,,,,,,
"Intel-ACPI","Intel ACPI Software License Agreement",,,,,,,,,,,,,,,,,,,
"JPNIC","Japan Network Information Center License",,,,,,,,,,,,,,,,,,,
"JSON","JSON License",,,,,,,,,,,,,,,,,,,
"LAL-1.2","Licence Art Libre 1.2",,,,,,,,,,,,,,,,,,,
"LAL-1.3","Licence Art Libre 1.3",,,,,,,,,,,,,,,,,,,
"LGPL-2.0-or-later","GNU Library General Public License v2 or later",,,,,,,,,,,,,,,,,,,
"LGPLLR","Lesser General Public License For Linguistic Resources",,,,,,,,,,,,,,,,,,,
"LPPL-1.0","LaTeX Project Public License v1.0",,,,,,,,,,,,,,,,,,,
"LPPL-1.1","LaTeX Project Public License v1.1",,,,,,,,,,,,,,,,,,,
"LPPL-1.2","LaTeX Project Public License v1.2",,,,,,,,,,,,,,,,,,,
"LPPL-1.3a","LaTeX Project Public License v1.3a",,,,,,,,,,,,,,,,,,,
"Latex2e","Latex2e License",,,,,,,,,,,,,,,,,,,
"Leptonica","Leptonica License",,,,,,,,,,,,,,,,,,,
"Linux-OpenIB","Linux Kernel Variant of OpenIB.org license",,,,,,,,,,,,,,,,,,,
"MIT-0","MIT No Attribution",,,,,,,,,,,,,,,,,,,
"MIT-CMU","CMU License",,,,,,,,,,,,,,,,,,,
"MIT-advertising","Enlightenment License (e16)",,,,,,,,,,,,,,,,,,,
"MIT-enna","enna License",,,,,,,,,,,,,,,,,,,
"MIT-feh","feh License",,,,,,,,,,,,,,,,,,,
"MPL-2.0-no-copyleft-exception","Mozilla Public License 2.0 (no copyleft exception)",,,,,,,,,,,,,,,,,,,
"MTLL","Matrix Template Library License",,,,,,,,,,,,,,,,,,,
"MakeIndex","MakeIndex License",,,,,,,,,,,,,,,,,,,
"MulanPSL-1.0","Mulan Permissive Software License, Version 1",,,,,,,,,,,,,,,,,,,
"MulanPSL-2.0","Mulan Permissive Software License, Version 2",,,,,,,,,,,,,,,,,,,
"Multics","Multics License",,,,,,,,,,,,,,,,,,,
"Mup","Mup License",,,,,,,,,,,,,,,,,,,
"NBPL-1.0","Net Boolean Public License v1",,,,,,,,,,,,,,,,,,,
"NCGL-UK-2.0","Non-Commercial Government Licence",,,,,,,,,,,,,,,,,,,
"NIST-PD","NIST Public Domain Notice",,,,,,,,,,,,,,,,,,,
"NIST-PD-fallback","NIST Public Domain Notice with license fallback",,,,,,,,,,,,,,,,,,,
"NLOD-1.0","Norwegian Licence for Open Government Data",,,,,,,,,,,,,,,,,,,
"NLPL","No Limit Public License",,,,,,,,,,,,,,,,,,,
"NOSL","Netizen Open Source License",,,,,,,,,,,,,,,,,,,
"NPL-1.0","Netscape Public License v1.0",,,,,,,,,,,,,,,,,,,
"NRL","NRL License",,,,,,,,,,,,,,,,,,,
"NTP-0","NTP No Attribution",,,,,,,,,,,,,,,,,,,
"Net-SNMP","Net-SNMP License",,,,,,,,,,,,,,,,,,,
"Newsletr","Newsletr License",,,,,,,,,,,,,,,,,,,
"Noweb","Noweb License",,,,,,,,,,,,,,,,,,,
"O-UDA-1.0","Open Use of Data Agreement v1.0",,,,,,,,,,,,,,,,,,,
"OCCT-PL","Open CASCADE Technology Public License",,,,,,,,,,,,,,,,,,,
"OFL-1.0-RFN","SIL Open Font License 1.0 with Reserved Font Name",,,,,,,,,,,,,,,,,,,
"OFL-1.0-no-RFN","SIL Open Font License 1.0 with no Reserved Font Name",,,,,,,,,,,,,,,,,,,
"OFL-1.1-RFN","SIL Open Font License 1.1 with Reserved Font Name",,,,,,,,,,,,,,,,,,,
"OFL-1.1-no-RFN","SIL Open Font License 1.1 with no Reserved Font Name",,,,,,,,,,,,,,,,,,,
"OGC-1.0","OGC Software License, Version 1.0",,,,,,,,,,,,,,,,,,,
"OLDAP-1.1","Open LDAP Public License v1.1",,,,,,,,,,,,,,,,,,,
"OLDAP-1.2","Open LDAP Public License v1.2",,,,,,,,,,,,,,,,,,,
"OLDAP-1.3","Open LDAP Public License v1.3",,,,,,,,,,,,,,,,,,,
"OLDAP-1.4","Open LDAP Public License v1.4",,,,,,,,,,,,,,,,,,,
"OLDAP-2.0","Open LDAP Public License v2.0 (or possibly 2.0A and 2.0B)",,,,,,,,,,,,,,,,,,,
"OLDAP-2.0.1","Open LDAP Public License v2.0.1",,,,,,,,,,,,,,,,,,,
"OLDAP-2.1","Open LDAP Public License v2.1",,,,,,,,,,,,,,,,,,,
"OLDAP-2.2","Open LDAP Public License v2.2",,,,,,,,,,,,,,,,,,,
"OLDAP-2.2.1","Open LDAP Public License v2.2.1",,,,,,,,,,,,,,,,,,,
"OLDAP-2.2.2","Open LDAP Public License 2.2.2",,,,,,,,,,,,,,,,,,,
"OLDAP-2.3","Open LDAP Public License v2.3",,,,,,,,,,,,,,,,,,,
"OLDAP-2.4","Open LDAP Public License v2.4",,,,,,,,,,,,,,,,,,,
"OLDAP-2.5","Open LDAP Public License v2.5",,,,,,,,,,,,,,,,,,,
"OLDAP-2.6","Open LDAP Public License v2.6",,,,,,,,,,,,,,,,,,,
"OLDAP-2.8","Open LDAP Public License v2.8",,,,,,,,,,,,,,,,,,,
"OML","Open Market License",,,,,,,,,,,,,,,,,,,
"OPL-1.0","Open Public License v1.0",,,,,,,,,,,,,,,,,,,
"OSET-PL-2.1","OSET Public License version 2.1",,,,,,,,,,,,,,,,,,,
"OSL-1.1","Open Software License 1.1",,,,,,,,,,,,,,,,,,,
"OSL-2.0","Open Software License 2.0",,,,,,,,,,,,,,,,,,,
"PSF-2.0","Python Software Foundation License 2.0",,,,,,,,,,,,,,,,,,,
"Parity-6.0.0","The Parity Public License 6.0.0",,,,,,,,,,,,,,,,,,,
"Parity-7.0.0","The Parity Public License 7.0.0",,,,,,,,,,,,,,,,,,,
"Plexus","Plexus Classworlds License",,,,,,,,,,,,,,,,,,,
"PolyForm-Noncommercial-1.0.0","PolyForm Noncommercial License 1.0.0",,,,,,,,,,,,,,,,,,,
"PolyForm-Small-Business-1.0.0","PolyForm Small Business License 1.0.0",,,,,,,,,,,,,,,,,,,
"Qhull","Qhull License",,,,,,,,,,,,,,,,,,,
"RHeCos-1.1","Red Hat eCos Public License v1.1",,,,,,,,,,,,,,,,,,,
"Rdisc","Rdisc License",,,,,,,,,,,,,,,,,,,
"SAX-PD","Sax Public Domain Notice",,,,,,,,,,,,,,,,,,,
"SCEA","SCEA Shared Source License",,,,,,,,,,,,,,,,,,,
"SGI-B-1.0","SGI Free Software License B v1.0",,,,,,,,,,,,,,,,,,,
"SHL-0.5","Solderpad Hardware License v0.5",,,,,,,,,,,,,,,,,,,
"SHL-0.51","Solderpad Hardware License, Version 0.51",,,,,,,,,,,,,,,,,,,
"SMLNJ","Standard ML of New Jersey License",,,,,,,,,,,,,,,,,,,
"SMPPL","Secure Messaging Protocol Public License",,,,,,,,,,,,,,,,,,,
"SNIA","SNIA Public License 1.1",,,,,,,,,,,,,,,,,,,
"SSH-OpenSSH","SSH OpenSSH license",,,,,,,,,,,,,,,,,,,
"SSH-short","SSH short notice",,,,,,,,,,,,,,,,,,,
"SSPL-1.0","Server Side Public License, v 1",,,,,,,,,,,,,,,,,,,
"SWL","Scheme Widget Library (SWL) Software License Agreement",,,,,,,,,,,,,,,,,,,
"Saxpath","Saxpath License",,,,,,,,,,,,,,,,,,,
"Sendmail-8.23","Sendmail License 8.23",,,,,,,,,,,,,,,,,,,
"Spencer-86","Spencer License 86",,,,,,,,,,,,,,,,,,,
"Spencer-94","Spencer License 94",,,,,,,,,,,,,,,,,,,
"Spencer-99","Spencer License 99",,,,,,,,,,,,,,,,,,,
"SugarCRM-1.1.3","SugarCRM Public License v1.1.3",,,,,,,,,,,,,,,,,,,
"TAPR-OHL-1.0","TAPR Open Hardware License v1.0",,,,,,,,,,,,,,,,,,,
"TCL","TCL/TK License",,,,,,,,,,,,,,,,,,,
"TCP-wrappers","TCP Wrappers License",,,,,,,,,,,,,,,,,,,
"TORQUE-1.1","TORQUE v2.5+ Software License v1.1",,,,,,,,,,,,,,,,,,,
"TOSL","Trusster Open Source License",,,,,,,,,,,,,,,,,,,
"TU-Berlin-1.0","Technische Universitaet Berlin License 1.0",,,,,,,,,,,,,,,,,,,
"TU-Berlin-2.0","Technische Universitaet Berlin License 2.0",,,,,,,,,,,,,,,,,,,
"UCL-1.0","Upstream Compatibility License v1.0",,,,,,,,,,,,,,,,,,,
"Unicode-TOU","Unicode Terms of Use",,,,,,,,,,,,,,,,,,,
"VOSTROM","VOSTROM Public License for Open Source",,,,,,,,,,,,,,,,,,,
"Wsuipa","Wsuipa License",,,,,,,,,,,,,,,,,,,
"X11","X11 License",,,,,,,,,,,,,,,,,,,
"XSkat","XSkat License",,,,,,,,,,,,,,,,,,,
"Xerox","Xerox License",,,,,,,,,,,,,,,,,,,
"YPL-1.0","Yahoo! Public License v1.0",,,,,,,,,,,,,,,,,,,
"YPL-1.1","Yahoo! Public License v1.1",,,,,,,,,,,,,,,,,,,
"ZPL-1.1","Zope Public License 1.1",,,,,,,,,,,,,,,,,,,
"Zed","Zed License",,,,,,,,,,,,,,,,,,,
"Zimbra-1.3","Zimbra Public License v1.3",,,,,,,,,,,,,,,,,,,
"Zimbra-1.4","Zimbra Public License v1.4",,,,,,,,,,,,,,,,,,,
"blessing","SQLite Blessing",,,,,,,,,,,,,,,,,,,
"bzip2-1.0.5","bzip2 and libbzip2 License v1.0.5",,,,,,,,,,,,,,,,,,,
"copyleft-next 0.3.0","copyleft-next-0.3.0",,,,,,,,,,,,,,,,,,,
"copyleft-next 0.3.1","copyleft-next-0.3.1",,,,,,,,,,,,,,,,,,,
"curl","curl License",,,,,,,,,,,,,,,,,,,
"diffmark","diffmark license",,,,,,,,,,,,,,,,,,,
"dvipdfm","dvipdfm License",,,,,,,,,,,,,,,,,,,
"eGenix","eGenix.com Public License 1.1.0",,,,,,,,,,,,,,,,,,,
"etalab-2.0","Etalab Open License 2.0",,,,,,,,,,,,,,,,,,,
"gnuplot","gnuplot License",,,,,,,,,,,,,,,,,,,
"iMatix","iMatix Standard Function Library Agreement",,,,,,,,,,,,,,,,,,,
"libpng-2.0","PNG Reference Library version 2",,,,,,,,,,,,,,,,,,,
"libselinux-1.0","libselinux public domain notice",,,,,,,,,,,,,,,,,,,
"libtiff","libtiff License",,,,,,,,,,,,,,,,,,,
"mpich2","mpich2 License",,,,,,,,,,,,,,,,,,,
"psfrag","psfrag License",,,,,,,,,,,,,,,,,,,
"psutils","psutils License",,,,,,,,,,,,,,,,,,,
"xinetd","xinetd License",,,,,,,,,,,,,,,,,,,
"xpp","XPP License",,,,,,,,,,,,,,,,,,,
"zlib-acknowledgement","zlib/libpng License with Acknowledgement",,,,,,,,,,,,,,,,,,,
